"","min","max","mean","sd","range","sum","zeroes"
"1",2.26313776607867e-08,0.00316373724490404,1.60770787602691e-05,8.37271409167292e-05,0.00316371461352638,NA,NA
"2",2.50013183489273e-08,0.00453811744228005,2.0379952653751e-05,9.7127535179361e-05,0.00453809244096171,NA,NA
"3",2.07848938060806e-08,0.005842549726367,2.79851484358663e-05,0.000139927264425297,0.00584252894147319,NA,NA
"4",2.20337081913158e-08,0.00461700186133385,4.51757502431143e-05,0.000187640744373199,0.00461697982762566,NA,NA
"5",2.14198063730464e-08,0.00850332342088223,4.14109168602091e-05,0.000201365143846064,0.00850330200107585,NA,NA
"6",1.7444172328851e-08,0.0158293433487415,6.2439040542147e-05,0.000322461639495592,0.0158293259045692,NA,NA
"7",1.55641437515897e-08,0.0106443651020527,4.9717003054905e-05,0.00026237346363244,0.0106443495379089,NA,NA
"8",1.44579690442015e-08,0.00999295245856047,4.47094011101729e-05,0.000243328867776191,0.00999293800059142,NA,NA
"9",1.35090392205939e-08,0.0078505277633667,3.39667187758796e-05,0.000177094207547306,0.00785051425432748,NA,NA
"10",1.5446596890456e-08,0.00511651625856757,1.97915290117297e-05,9.9556605311436e-05,0.00511650081197068,NA,NA
"11",0,0.984601736068726,0.363523609511378,0.190041508153033,0.984601736068726,NA,NA
"12",0,0.98501068353653,0.372799876506013,0.180204613041756,0.98501068353653,NA,NA
"13",0,0.952785730361938,0.384293793479095,0.179723117227639,0.952785730361938,NA,NA
"14",8.06439929874614e-05,0.949851095676422,0.38553699983831,0.154646353769832,0.949770451683435,NA,NA
"15",0.00114780885633081,0.916209697723389,0.390030040104465,0.155027168020682,0.915061888867058,NA,NA
"16",0,0.997128307819366,0.377297718620468,0.166057409658551,0.997128307819366,NA,NA
"17",0,0.968308866024017,0.394969185700841,0.192684488467634,0.968308866024017,NA,NA
"18",0,0.982458174228668,0.367273365637616,0.19475144401889,0.982458174228668,NA,NA
"19",0,0.998354613780975,0.379764540412045,0.173553632981665,0.998354613780975,NA,NA
"20",3.45827284036204e-05,0.976922571659088,0.380085426090779,0.16021169413258,0.976887988930685,NA,NA
"21",-263.893615722656,51773.83203125,3745.93749639767,8236.25211501699,52037.7256469727,NA,NA
"22",-263.893615722656,51773.83203125,3745.93749639767,8236.25211501699,52037.7256469727,NA,NA
"23",-263.893615722656,51773.83203125,3745.93749639767,8236.25211501699,52037.7256469727,NA,NA
"24",-263.893615722656,51773.83203125,3745.93749639767,8236.25211501699,52037.7256469727,NA,NA
"25",-263.893615722656,51773.83203125,3745.93749639767,8236.25211501699,52037.7256469727,NA,NA
"26",-263.893615722656,51773.83203125,3745.93749639767,8236.25211501699,52037.7256469727,NA,NA
"27",-263.893615722656,51773.83203125,3745.93749639767,8236.25211501699,52037.7256469727,NA,NA
"28",-263.893615722656,51773.83203125,3745.93749639767,8236.25211501699,52037.7256469727,NA,NA
"29",-263.893615722656,51773.83203125,3745.93749639767,8236.25211501699,52037.7256469727,NA,NA
"30",-263.893615722656,51773.83203125,3745.93749639767,8236.25211501699,52037.7256469727,NA,NA
"31",5.32740821604176e-15,4.74276795614514e-08,3.02837192137695e-10,1.54020881719557e-09,4.74276742340432e-08,NA,NA
"32",1.93367076297963e-15,5.42402354142268e-08,2.57407344550759e-10,1.33569774744205e-09,5.42402334805561e-08,NA,NA
"33",3.99828392575884e-15,5.2810960937677e-08,3.00369419207571e-10,1.55225299130456e-09,5.28109569393931e-08,NA,NA
"34",3.02249011206062e-15,2.72930282818606e-08,2.35515312937756e-10,9.15897465920097e-10,2.72930252593705e-08,NA,NA
"35",4.00706257522418e-15,3.3590019654639e-08,2.75622759221747e-10,9.97931039339118e-10,3.35900156475765e-08,NA,NA
"36",1.97268997096961e-15,4.33612932226879e-08,3.0069138657915e-10,1.14438945171158e-09,4.33612912499979e-08,NA,NA
"37",1.22737435161489e-15,3.61148266847522e-08,4.07208008069082e-10,1.41259160998949e-09,3.61148254573778e-08,NA,NA
"38",3.83004158309398e-15,7.43804875469323e-08,5.30665428326597e-10,1.94465926219229e-09,7.43804837168907e-08,NA,NA
"39",4.12210743715321e-15,1.35159169190047e-07,4.49741971700942e-10,2.0607121393766e-09,1.35159165067939e-07,NA,NA
"40",1.1917994972258e-14,1.23370398341649e-07,3.20506281589636e-10,1.65169706522282e-09,1.23370386423654e-07,NA,NA
"41",0,2.32506096153884e-07,1.5623771966342e-08,2.89734708308072e-08,2.32506096153884e-07,NA,NA
"42",0,2.07059898116313e-07,1.59028172801725e-08,2.78504591820398e-08,2.07059898116313e-07,NA,NA
"43",0,2.27735924340777e-07,1.56720540783783e-08,2.71897058433145e-08,2.27735924340777e-07,NA,NA
"44",0,2.20020453411962e-07,1.58636488099585e-08,2.63563847900925e-08,2.20020453411962e-07,NA,NA
"45",0,2.75028014584677e-07,1.6213213756494e-08,2.72556050584156e-08,2.75028014584677e-07,NA,NA
"46",0,3.01340890018764e-07,1.67611793813554e-08,2.83464852217289e-08,3.01340890018764e-07,NA,NA
"47",0,2.79190118135375e-07,1.7307079675058e-08,2.92649113381544e-08,2.79190118135375e-07,NA,NA
"48",0,2.65650811570595e-07,1.64160129299817e-08,2.97619248306322e-08,2.65650811570595e-07,NA,NA
"49",0,2.55719044162106e-07,1.53044092179249e-08,2.83074901869001e-08,2.55719044162106e-07,NA,NA
"50",0,2.45583123614779e-07,1.52140480353135e-08,2.80847011019335e-08,2.45583123614779e-07,NA,NA
"51",-7.96404586420136e-22,1.64882422382107e-07,4.17835083618702e-09,8.91294630691147e-09,1.64882422382107e-07,NA,NA
"52",-9.92837565629997e-22,1.22886959275093e-07,4.05822333775497e-09,7.63367583957893e-09,1.22886959275094e-07,NA,NA
"53",-7.84595654213339e-22,1.26469231531701e-07,4.2501387517619e-09,7.98944942896028e-09,1.26469231531701e-07,NA,NA
"54",-3.9094391460137e-22,2.88808081450043e-07,4.07394138811712e-09,8.52829370575183e-09,2.88808081450043e-07,NA,NA
"55",-9.9102730024647e-22,1.77071314055866e-07,3.92150186400825e-09,7.77856231808199e-09,1.77071314055866e-07,NA,NA
"56",-6.57732785240575e-22,1.37875261430054e-07,3.462087149144e-09,7.60936729440597e-09,1.37875261430054e-07,NA,NA
"57",-6.31947711661061e-22,1.14679821194841e-07,3.41191516379459e-09,7.70796092375369e-09,1.14679821194841e-07,NA,NA
"58",-7.72397668429862e-22,8.25294890205441e-08,3.67276418104269e-09,7.80816446640649e-09,8.25294890205449e-08,NA,NA
"59",-1.27249660727457e-21,1.35437602466482e-07,4.32507317228301e-09,8.23212557459399e-09,1.35437602466483e-07,NA,NA
"60",-1.62236149269344e-21,1.35525851874263e-07,5.04522010398403e-09,8.71834003407277e-09,1.35525851874265e-07,NA,NA
"61",0,5.65813365938084e-07,1.60519017219671e-09,9.85782300910493e-09,5.65813365938084e-07,NA,NA
"62",0,5.62271679882542e-07,1.62315240561447e-09,9.85271701671379e-09,5.62271679882542e-07,NA,NA
"63",0,5.34158061782364e-07,1.58100302966633e-09,9.48001273711926e-09,5.34158061782364e-07,NA,NA
"64",0,4.92665151341498e-07,1.50034632992582e-09,8.877436434864e-09,4.92665151341498e-07,NA,NA
"65",0,4.87791567138629e-07,1.45341473067008e-09,8.59590810994439e-09,4.87791567138629e-07,NA,NA
"66",0,5.14647410909674e-07,1.48649768908862e-09,8.87709797166192e-09,5.14647410909674e-07,NA,NA
"67",0,5.26447195170476e-07,1.47372270184194e-09,8.91809136894135e-09,5.26447195170476e-07,NA,NA
"68",0,5.32052979451691e-07,1.4776528676385e-09,8.9491396839729e-09,5.32052979451691e-07,NA,NA
"69",0,5.02208479247201e-07,1.49138430308578e-09,8.85684349196323e-09,5.02208479247201e-07,NA,NA
"70",0,4.88112561924936e-07,1.51149175450987e-09,8.87308245936625e-09,4.88112561924936e-07,NA,NA
"71",-1.34749015501257e-07,1.59109958985937e-07,1.24309567714224e-09,1.25010832209693e-08,2.93858974487193e-07,NA,NA
"72",-1.31562174487954e-07,1.95242733980194e-07,8.60236617170618e-10,1.2285301843133e-08,3.26804908468148e-07,NA,NA
"73",-1.08612766780425e-07,2.216035852598e-07,6.87736022646399e-10,1.3404765977141e-08,3.30216352040225e-07,NA,NA
"74",-1.12653566475274e-07,2.13030247664392e-07,-2.22089341052292e-10,1.57178151232505e-08,3.25683814139666e-07,NA,NA
"75",-1.45953862329407e-07,3.0742364742764e-07,-2.4437977405641e-09,1.92884883071136e-08,4.53377509757047e-07,NA,NA
"76",-1.61675515641946e-07,2.65858830061916e-07,-3.41583422621583e-09,1.86853855350084e-08,4.27534345703862e-07,NA,NA
"77",-1.53866665186797e-07,2.23121091380563e-07,-2.39977670277555e-09,1.56369204939953e-08,3.7698775656736e-07,NA,NA
"78",-1.28825746514849e-07,2.18914507854606e-07,-1.26808399912329e-09,1.37512538935136e-08,3.47740254369455e-07,NA,NA
"79",-1.16877210132316e-07,1.78558039465315e-07,-5.2964848856729e-10,1.2258619087484e-08,2.95435249597631e-07,NA,NA
"80",-1.16337076860873e-07,2.47013247189898e-07,1.26373502101013e-09,1.39014050830505e-08,3.63350324050771e-07,NA,NA
"81",-2.51718752508623e-08,3.22391997542582e-08,-7.69101295597837e-10,2.69138228436042e-09,5.74110750051204e-08,NA,NA
"82",-2.37390036517127e-08,3.03527052381014e-08,-6.29713006770076e-10,2.59443216536519e-09,5.40917088898141e-08,NA,NA
"83",-2.12398507670741e-08,2.46499443079529e-08,-5.0978117769943e-10,2.17769281566129e-09,4.5889795075027e-08,NA,NA
"84",-1.66160205594679e-08,2.69319517798294e-08,-4.62825412667875e-10,1.74456923908155e-09,4.35479723392973e-08,NA,NA
"85",-1.57745780882124e-08,1.02087094333569e-08,-4.78601536759187e-10,1.73974450190813e-09,2.59832875215693e-08,NA,NA
"86",-1.53098334010338e-08,1.27803643223956e-08,-4.82807700561992e-10,1.98524515957753e-09,2.80901977234294e-08,NA,NA
"87",-1.63364557437262e-08,1.47781182846529e-08,-4.11060406707228e-10,2.03594483061689e-09,3.11145740283791e-08,NA,NA
"88",-1.70092508966491e-08,2.89522414931298e-08,-4.09067564321572e-10,2.22029538262854e-09,4.59614923897789e-08,NA,NA
"89",-2.01336884941838e-08,1.34277051699883e-08,-5.48749063253131e-10,2.28589676401286e-09,3.35613936641721e-08,NA,NA
"90",-1.78084444968363e-08,1.69220513157597e-08,-6.9312906565864e-10,2.31442888265339e-09,3.4730495812596e-08,NA,NA
"91",2.01818813397314e-14,4.96991225951149e-10,1.43681187521328e-11,1.64981027566653e-11,4.96971044069809e-10,NA,NA
"92",1.93951554442557e-14,3.75616898695696e-10,1.38081247901818e-11,1.48985485693129e-11,3.75597503540252e-10,NA,NA
"93",1.71047190625738e-14,3.78316350468921e-10,1.20952589974259e-11,1.50886944817322e-11,3.78299245749859e-10,NA,NA
"94",1.33522318161304e-14,5.55190338147327e-10,1.06289738155067e-11,1.58798823753611e-11,5.55176985915511e-10,NA,NA
"95",1.15833161611718e-14,5.46250933375347e-10,8.59771749255802e-12,1.51911714823764e-11,5.46239350059186e-10,NA,NA
"96",2.63313151258092e-15,3.413773430605e-10,7.26251578699133e-12,1.32905075343512e-11,3.41374709928988e-10,NA,NA
"97",1.15613458205859e-14,6.42674802264764e-10,6.72975268776753e-12,1.41754647228953e-11,6.42663240918944e-10,NA,NA
"98",1.75885493642431e-14,6.51695752917902e-10,6.44267783697928e-12,1.44410795905478e-11,6.51678164368538e-10,NA,NA
"99",1.93085395491354e-14,7.59248663939616e-10,7.02175432712965e-12,1.56689427530114e-11,7.59229355400067e-10,NA,NA
"100",1.31789771560002e-14,4.21363860469981e-10,8.29582396940736e-12,1.57235156174646e-11,4.21350681492825e-10,NA,NA
"101",3.22383899732641e-22,7.15249942606633e-11,2.09167100392887e-12,5.89146339211693e-12,7.15249942603409e-11,NA,NA
"102",2.71255994307967e-22,6.0647029065386e-11,2.1520816851776e-12,5.71748851320018e-12,6.06470290651147e-11,NA,NA
"103",3.24382582965658e-22,6.14112372065989e-11,2.15117408706045e-12,5.62122601097228e-12,6.14112372062745e-11,NA,NA
"104",2.61919945401534e-22,6.86866119536944e-11,2.28533763214285e-12,5.57004555557972e-12,6.86866119534325e-11,NA,NA
"105",2.67994729729813e-22,1.22930998713855e-10,2.0626771330825e-12,5.12599803415798e-12,1.22930998713587e-10,NA,NA
"106",2.36565425793203e-22,8.15104442275505e-11,1.81349526172322e-12,4.51942090606482e-12,8.15104442273139e-11,NA,NA
"107",2.34047356540188e-22,6.92519930289848e-11,1.52404580364074e-12,4.10021832544866e-12,6.92519930287507e-11,NA,NA
"108",1.59819463157691e-21,7.49529049937081e-11,1.3509319900532e-12,4.03540754004001e-12,7.49529049921099e-11,NA,NA
"109",1.36581281915402e-21,5.81693200552014e-11,1.29472284063536e-12,3.82717970902087e-12,5.81693200538356e-11,NA,NA
"110",3.23442482909866e-21,6.52108922416517e-11,1.41891472783811e-12,4.18954124362885e-12,6.52108922384172e-11,NA,NA
"111",-236.019607543945,0.000307280104607344,-42.9013635306012,43.6771038261525,236.01991482405,NA,NA
"112",-199.803588867188,0.366681814193726,-42.0525968639409,38.9245467403524,200.170270681381,NA,NA
"113",-189.536331176758,1.36668002605438,-38.9062198637922,32.6109906992141,190.903011202812,NA,NA
"114",-197.858642578125,0.941344857215881,-37.4117984195101,32.0755035276913,198.799987435341,NA,NA
"115",-216.490280151367,0.604810655117035,-36.7558698067651,35.4397514470285,217.095090806484,NA,NA
"116",-237.755584716797,6.40931757516228e-05,-39.730946572039,40.3396753007222,237.755648809973,NA,NA
"117",-223.565643310547,0.000719469273462892,-43.6578149967219,40.2850551431114,223.56636277982,NA,NA
"118",-215.441253662109,0.000367137836292386,-43.2672684042837,37.0343618404077,215.441620799946,NA,NA
"119",-217.02375793457,3.64003141864466e-12,-40.9287547548172,32.0519005625121,217.023757934574,NA,NA
"120",-201.784362792969,0.487796574831009,-39.3453088982262,34.4059623847048,202.2721593678,NA,NA
"121",-0.451547980308533,0.34055107831955,-0.0125810077471221,0.0877285817390074,0.792099058628082,NA,NA
"122",-0.413044363260269,0.335168927907944,-0.01703961607363,0.077417324749904,0.748213291168213,NA,NA
"123",-0.427540451288223,0.323716759681702,-0.00991515803568553,0.0780338210169307,0.751257210969925,NA,NA
"124",-0.808395504951477,0.542518734931946,-0.00954993630885734,0.0805164403106822,1.35091423988342,NA,NA
"125",-0.710753560066223,0.491146475076675,-0.00548743590877938,0.0734797981700959,1.2019000351429,NA,NA
"126",-0.884446024894714,0.494665145874023,-0.0115673964187903,0.0824830739546885,1.37911117076874,NA,NA
"127",-0.449311017990112,0.463998436927795,-0.011709639331894,0.0856934201169573,0.913309454917908,NA,NA
"128",-0.723363995552063,0.648059904575348,-0.0157688300251484,0.0930362930862124,1.37142390012741,NA,NA
"129",-0.657040476799011,0.359125018119812,-0.0196684476057337,0.0875158396038528,1.01616549491882,NA,NA
"130",-0.488202691078186,0.293428361415863,-0.0170127079343336,0.0831952030532786,0.781631052494049,NA,NA
"131",-0.334819406270981,0.494039535522461,0.00563585795712498,0.0553459743407233,0.828858941793442,NA,NA
"132",-0.320735782384872,0.447057217359543,0.00271134814353959,0.0450531193772582,0.767792999744415,NA,NA
"133",-0.287139892578125,0.317475587129593,0.00235632123742534,0.0428858226400617,0.604615479707718,NA,NA
"134",-0.473740637302399,0.212038099765778,0.00118494380306341,0.0447271786477512,0.685778737068176,NA,NA
"135",-0.387977927923203,0.229248285293579,-0.00191198543028272,0.0404168659499606,0.617226213216782,NA,NA
"136",-0.494440108537674,0.19775390625,-0.0058321538578549,0.0465592984786463,0.692194014787674,NA,NA
"137",-0.485392212867737,0.20313236117363,-0.00491776786666997,0.0469324900014908,0.688524574041367,NA,NA
"138",-0.519051790237427,0.224832862615585,-0.00786475779926408,0.0499931516238792,0.743884652853012,NA,NA
"139",-0.389472603797913,0.264673948287964,-0.0035174428563603,0.0426652766883247,0.654146552085876,NA,NA
"140",-0.26384100317955,0.329879552125931,-0.00201145700674825,0.0408639222107797,0.593720555305481,NA,NA
"141",0,0.475439339876175,0.0337835345656624,0.0403348833081009,0.475439339876175,NA,NA
"142",0,0.385250091552734,0.0331883140954676,0.0394527460781546,0.385250091552734,NA,NA
"143",5.58036733365361e-23,0.368521928787231,0.0321094107598948,0.0365764723935199,0.368521928787231,NA,NA
"144",4.9097560470365e-23,0.399757236242294,0.0343994425679766,0.0387655026825071,0.399757236242294,NA,NA
"145",0,0.422064632177353,0.0340018901382299,0.0378106190071282,0.422064632177353,NA,NA
"146",0,0.56449943780899,0.0391931884720432,0.0390843825999542,0.56449943780899,NA,NA
"147",0,0.545248627662659,0.0445824530061902,0.0437261708170977,0.545248627662659,NA,NA
"148",0,0.601439476013184,0.0448624417887262,0.0464169304642984,0.601439476013184,NA,NA
"149",0,0.47718358039856,0.0398646212920166,0.0408405628623806,0.47718358039856,NA,NA
"150",1.88799484618956e-23,0.562310695648193,0.0362265307041536,0.0400291911284965,0.562310695648193,NA,NA
"151",0,4.4721360206604,1.26016795137149,0.532951567494128,4.4721360206604,NA,NA
"152",0,4.4721360206604,1.22457342677517,0.548943124010437,4.4721360206604,NA,NA
"153",0,4.36438369750977,1.28280618682491,0.559683899054617,4.36438369750977,NA,NA
"154",0,4.4721360206604,1.26405583916441,0.578825343167065,4.4721360206604,NA,NA
"155",0,4.4721360206604,1.25445075105394,0.55375705208387,4.4721360206604,NA,NA
"156",0,4.4721360206604,1.23953419330855,0.550570465536094,4.4721360206604,NA,NA
"157",0,4.4721360206604,1.24680733884778,0.538956518210669,4.4721360206604,NA,NA
"158",0,4.4721360206604,1.26155283998694,0.535650064057277,4.4721360206604,NA,NA
"159",0,4.4721360206604,1.30394024204946,0.523666819061687,4.4721360206604,NA,NA
"160",0,4.4721360206604,1.30852363070927,0.552767526263909,4.4721360206604,NA,NA
"161",0,0.999028444290161,0.464509388216996,0.256856691752775,0.999028444290161,NA,NA
"162",0,0.99875682592392,0.474133622324018,0.26142819000688,0.99875682592392,NA,NA
"163",0,0.984900176525116,0.456913417020362,0.239498342141586,0.984900176525116,NA,NA
"164",0,0.972113907337189,0.438674875761189,0.235448064597505,0.972113907337189,NA,NA
"165",0,0.958389043807983,0.420571609691681,0.239438937420857,0.958389043807983,NA,NA
"166",0,0.998008191585541,0.439791985512402,0.259546012774212,0.998008191585541,NA,NA
"167",0,0.998370110988617,0.457425610371442,0.278282694060078,0.998370110988617,NA,NA
"168",0,0.994882702827454,0.457103737216933,0.273402772156093,0.994882702827454,NA,NA
"169",0,0.991442143917084,0.456619669884216,0.247847592536807,0.991442143917084,NA,NA
"170",0,0.97979062795639,0.465088666210305,0.255795991002559,0.97979062795639,NA,NA
"171",225.173873901367,304.394470214844,275.325647527697,21.6569755302892,79.2205963134766,NA,NA
"172",226.748519897461,306.278472900391,275.070063793273,22.6285225612327,79.5299530029297,NA,NA
"173",216.505874633789,307.554962158203,275.259006977081,23.5375968090165,91.0490875244141,NA,NA
"174",204.329299926758,309.413208007812,276.0066752936,23.574195457037,105.083908081055,NA,NA
"175",201.787933349609,312.144226074219,278.243007258961,21.9348283073471,110.356292724609,NA,NA
"176",201.899917602539,313.589599609375,279.386070326247,22.7033064952984,111.689682006836,NA,NA
"177",204.221221923828,316.920654296875,280.104158642115,22.7454646747401,112.699432373047,NA,NA
"178",200.769332885742,316.014526367188,279.358997566005,23.5683073846887,115.245193481445,NA,NA
"179",206.167236328125,310.882476806641,278.146862254099,23.0898222577818,104.715240478516,NA,NA
"180",214.433944702148,305.501708984375,276.868355170168,22.1634774584601,91.0677642822266,NA,NA
"181",4.43407582419636e-22,1.02760280284997e-08,6.87174120370509e-11,3.37070717543488e-10,1.02760280284993e-08,NA,NA
"182",1.52440732516364e-18,1.13822409275599e-08,9.67113735031008e-11,4.59516816944481e-10,1.13822409260355e-08,NA,NA
"183",3.83933772005926e-18,1.2463562626408e-08,1.01284159742577e-10,4.99897429820101e-10,1.24635626225687e-08,NA,NA
"184",2.12770106177396e-18,1.29001254123295e-08,9.7491014635422e-11,4.80842776953853e-10,1.29001254102018e-08,NA,NA
"185",8.65334814615404e-18,1.2780509095478e-08,8.74586046787237e-11,4.22573825877442e-10,1.27805090868247e-08,NA,NA
"186",3.25412620333814e-19,1.21507985895164e-08,7.958178688884e-11,3.5907493234298e-10,1.2150798589191e-08,NA,NA
"187",1.49882417978103e-18,1.06807043209756e-08,8.69442080534377e-11,3.95083754801472e-10,1.06807043194767e-08,NA,NA
"188",4.81662969350443e-18,1.10921902773953e-08,9.30849447895997e-11,4.41084886574528e-10,1.10921902725786e-08,NA,NA
"189",1.36648003806106e-18,1.13629443632135e-08,9.45594325678238e-11,4.44656053274175e-10,1.1362944361847e-08,NA,NA
"190",5.78870363069985e-20,1.08907585172346e-08,9.34331778916012e-11,4.46507404049454e-10,1.08907585171768e-08,NA,NA
"191",2.9194804556821e-21,1.51150189253713e-07,7.72824323427799e-10,4.55424789475441e-09,1.5115018925371e-07,NA,NA
"192",1.1922034227538e-17,1.41099417305668e-06,1.20556370203985e-09,1.0549964867307e-08,1.41099417304476e-06,NA,NA
"193",2.99534540601864e-17,7.20384491614823e-07,1.09142431170753e-09,8.43123468200936e-09,7.20384491584869e-07,NA,NA
"194",1.59877783122882e-17,3.97211181279999e-07,9.94512181886627e-10,6.25527237090428e-09,3.97211181264012e-07,NA,NA
"195",1.11999601466996e-17,1.02890248854237e-06,9.98744446530278e-10,8.025348537264e-09,1.02890248853117e-06,NA,NA
"196",2.61716988641088e-18,5.62056413855316e-07,8.92125756035668e-10,6.55776949406047e-09,5.62056413852699e-07,NA,NA
"197",2.98542035536183e-18,4.41072216972316e-07,8.17680640533604e-10,5.66099494448379e-09,4.4107221696933e-07,NA,NA
"198",1.60000367153759e-18,1.25841768294777e-06,8.63936029287212e-10,9.35310638824424e-09,1.25841768294617e-06,NA,NA
"199",5.33859224055396e-18,3.04800391859317e-06,1.09391389234835e-09,1.89577543807748e-08,3.04800391858783e-06,NA,NA
"200",4.58201707675147e-19,4.04216734750662e-07,8.83735456068545e-10,5.85836390074477e-09,4.04216734750204e-07,NA,NA
"201",-32.9208526611328,190.448257446289,51.4380335024103,29.5711295631973,223.369110107422,NA,NA
"202",-19.5788192749023,189.887252807617,53.0332937301683,26.4201565772358,209.46607208252,NA,NA
"203",-18.4381771087646,197.933288574219,52.8014180371922,26.2449009612701,216.371465682983,NA,NA
"204",-13.1965646743774,188.343124389648,52.069100935784,25.9618317412433,201.539689064026,NA,NA
"205",-18.0781898498535,168.476684570312,52.6525967985436,25.9891589267549,186.554874420166,NA,NA
"206",-23.2266883850098,177.065307617188,52.2454600384458,26.3132593460824,200.291996002197,NA,NA
"207",-16.7473983764648,176.016754150391,52.7236948062211,26.4057935895272,192.764152526855,NA,NA
"208",-14.6057748794556,182.210800170898,52.8779879439706,26.3214783217323,196.816575050354,NA,NA
"209",-13.9271049499512,192.505874633789,52.449780171343,26.3528718544917,206.43297958374,NA,NA
"210",-11.6547136306763,193.927764892578,51.4714129089984,26.4049529113552,205.582478523254,NA,NA
"211",3.0106813591323e-21,3.61503715851086e-08,3.41271435612202e-10,1.77544795850918e-09,3.61503715851056e-08,NA,NA
"212",1.10681480889087e-17,5.05371460235438e-08,4.60665558234256e-10,2.25302538799817e-09,5.05371460124756e-08,NA,NA
"213",2.89992449753248e-17,6.50492424369986e-08,4.87964290692172e-10,2.46503081807616e-09,6.50492424079994e-08,NA,NA
"214",1.54339643485717e-17,6.88447627794631e-08,4.79804490343916e-10,2.5135316825141e-09,6.88447627640291e-08,NA,NA
"215",6.05531942591279e-17,7.46556452213554e-08,4.4094259778889e-10,2.45190355110822e-09,7.46556451608022e-08,NA,NA
"216",2.3569194269573e-18,8.522568606395e-08,4.09278615665299e-10,2.30502451171316e-09,8.52256860615931e-08,NA,NA
"217",4.23773850874746e-18,7.1948171864733e-08,4.24071951083107e-10,2.27781091700515e-09,7.19481718604953e-08,NA,NA
"218",7.8246843987627e-18,6.50660680889814e-08,4.42178896442388e-10,2.37492990566308e-09,6.50660680811567e-08,NA,NA
"219",7.52170302963555e-18,8.56914610380954e-08,4.47095370277412e-10,2.48702107388872e-09,8.56914610305737e-08,NA,NA
"220",4.25027965250832e-19,8.76301342600527e-08,4.44055378511671e-10,2.56809323947658e-09,8.76301342596277e-08,NA,NA
"221",-1.1641326350765e-20,3.95444612877327e-06,1.01516668511057e-08,5.89742609191096e-08,3.95444612877328e-06,NA,NA
"222",-1.54046785419296e-26,1.92602601600811e-06,1.13687875499267e-08,3.9232825985183e-08,1.92602601600811e-06,NA,NA
"223",-3.62438260229026e-26,1.40658926284232e-06,1.19813029796296e-08,3.70960536794973e-08,1.40658926284232e-06,NA,NA
"224",-4.10195418718992e-25,5.49527271687111e-07,1.26850269101144e-08,3.5498178858836e-08,5.49527271687111e-07,NA,NA
"225",-1.09219155479493e-22,8.22356923890766e-07,1.36922728511475e-08,3.97438149207491e-08,8.22356923890766e-07,NA,NA
"226",-1.52711076273815e-24,1.12054419787455e-06,1.15452994098978e-08,3.33253848743613e-08,1.12054419787455e-06,NA,NA
"227",-9.61870486852192e-24,5.46583521554567e-07,1.18316561475874e-08,3.31078488276139e-08,5.46583521554567e-07,NA,NA
"228",-2.19924386280608e-27,1.63197830715944e-06,1.17513865731182e-08,3.44251025515511e-08,1.63197830715944e-06,NA,NA
"229",-7.91662470770194e-26,6.18688773101894e-07,1.15132192627669e-08,3.13460195515929e-08,6.18688773101894e-07,NA,NA
"230",-1.27332160747559e-23,6.94107598064875e-07,1.32715223477218e-08,3.88765714359655e-08,6.94107598064875e-07,NA,NA
"231",0,6.07173831213004e-08,1.94295679173832e-11,6.02487551693667e-10,6.07173831213004e-08,NA,NA
"232",0,3.06405425476441e-08,3.20654717270466e-11,4.92607256786322e-10,3.06405425476441e-08,NA,NA
"233",0,7.70591697119016e-08,5.89694787435521e-11,1.11696195799089e-09,7.70591697119016e-08,NA,NA
"234",0,7.26411926166293e-08,1.33708775559525e-10,2.16879682750384e-09,7.26411926166293e-08,NA,NA
"235",0,7.02319766787696e-08,6.4803557563183e-11,1.1792188917621e-09,7.02319766787696e-08,NA,NA
"236",0,4.15280858589995e-08,3.00773501873907e-11,5.65274322437045e-10,4.15280858589995e-08,NA,NA
"237",0,6.15971131878723e-08,4.14946038810101e-11,7.48529815120954e-10,6.15971131878723e-08,NA,NA
"238",0,4.36727809471904e-08,8.41129692151958e-11,1.22007509290654e-09,4.36727809471904e-08,NA,NA
"239",0,6.56275531696338e-08,1.15178905129651e-10,1.57476821403764e-09,6.56275531696338e-08,NA,NA
"240",0,7.55618145831249e-08,1.22756179145686e-10,1.63009288896359e-09,7.55618145831249e-08,NA,NA
"241",-1.13377562358369e-19,5.16606803557806e-07,2.76409568679571e-09,1.61123384428035e-08,5.1660680355792e-07,NA,NA
"242",-2.37715035188518e-20,4.71879474162051e-07,3.19614526694526e-09,1.25706383889329e-08,4.71879474162075e-07,NA,NA
"243",-6.87493475444333e-21,6.54075108741381e-07,4.26173590531919e-09,1.84686185723587e-08,6.54075108741388e-07,NA,NA
"244",-1.3915966406535e-20,5.49053709164582e-07,4.23330121248544e-09,1.79248960291422e-08,5.49053709164596e-07,NA,NA
"245",-1.23867049399677e-20,6.51860602829402e-07,4.60701684386209e-09,1.95703798997338e-08,6.51860602829414e-07,NA,NA
"246",-3.66140835271514e-21,4.119789878132e-07,4.03700446502175e-09,1.47548387815568e-08,4.11978987813203e-07,NA,NA
"247",-4.05662983717608e-21,3.10119588675661e-07,3.8198330214926e-09,1.37511925348969e-08,3.10119588675665e-07,NA,NA
"248",-1.34282642716655e-20,4.20111575749615e-07,4.33178788180339e-09,1.65231465763244e-08,4.20111575749629e-07,NA,NA
"249",-1.61128014015239e-20,3.0681741236549e-07,4.12010699529641e-09,1.32171950890609e-08,3.06817412365506e-07,NA,NA
"250",-1.39309380525048e-20,3.06922004256194e-07,4.29704513829692e-09,1.35857450102383e-08,3.06922004256208e-07,NA,NA
"251",1.05501467443765e-16,1.0796710192551e-08,4.92716208473015e-10,8.51868104748445e-10,1.07967100870496e-08,NA,NA
"252",4.28743751113882e-14,1.66412217339484e-08,6.85659549445889e-10,1.07739023373149e-09,1.66411788595733e-08,NA,NA
"253",1.23586104999913e-14,1.25876713497064e-08,6.93123737009239e-10,1.06513059471971e-09,1.25876589910959e-08,NA,NA
"254",2.43653499611661e-14,1.68418505808177e-08,6.86427554869241e-10,1.10341164987375e-09,1.68418262154677e-08,NA,NA
"255",4.54080429331048e-15,2.00721839149764e-08,6.7392523989177e-10,1.10850339047534e-09,2.00721793741722e-08,NA,NA
"256",8.6914416635997e-14,1.3588620006999e-08,6.58820825615406e-10,1.03053252588119e-09,1.35885330925824e-08,NA,NA
"257",5.0785202899853e-15,1.47075294165688e-08,6.81799956588497e-10,1.09531144684572e-09,1.47075243380485e-08,NA,NA
"258",3.46693205819366e-16,1.43597578272647e-08,6.94710850710453e-10,1.14039278735882e-09,1.43597574805715e-08,NA,NA
"259",6.74472176514455e-15,2.14693489652973e-08,7.25562888453906e-10,1.26142613970651e-09,2.14693422205755e-08,NA,NA
"260",8.77761269701613e-15,2.20251497040636e-08,7.30331131149196e-10,1.2495172610128e-09,2.20251409264509e-08,NA,NA
"261",4.46906577090251e-18,4.7624498789034e-10,1.32979139213099e-11,2.10368697995852e-11,4.76244983421274e-10,NA,NA
"262",3.36905258363854e-15,5.48363909835814e-10,1.98901836063843e-11,2.83374288909546e-11,5.4836054078323e-10,NA,NA
"263",5.03713182496273e-16,1.07364672707888e-09,2.08710711784093e-11,3.10607922869638e-11,1.0736462233657e-09,NA,NA
"264",1.86345130813578e-15,1.08111986030224e-09,2.06161329457583e-11,3.1580820467779e-11,1.08111799685093e-09,NA,NA
"265",1.36830485804936e-15,5.28766197493979e-10,1.99708515386226e-11,2.72559312803861e-11,5.28764829189121e-10,NA,NA
"266",2.22857481268688e-15,7.87459208950736e-10,1.98556137559415e-11,2.7524085787718e-11,7.87456980375923e-10,NA,NA
"267",4.12869031252147e-16,8.38469904618222e-10,2.00469997120033e-11,2.89580061260897e-11,8.38469491749191e-10,NA,NA
"268",1.40983419523897e-16,5.04534802825418e-10,2.00892304201699e-11,2.80733731586973e-11,5.04534661841999e-10,NA,NA
"269",1.11964904549022e-16,5.56218682223886e-10,2.03580866032944e-11,2.91258689201554e-11,5.56218570258981e-10,NA,NA
"270",3.72575356313905e-16,7.72029329354496e-10,2.07789569352753e-11,2.96643196453932e-11,7.72028956779139e-10,NA,NA
"271",-30.3631019592285,92.1423645019531,14.0479989528583,18.9873146732792,122.505466461182,NA,NA
"272",-29.2895679473877,95.8699645996094,14.0475405461544,18.8496808508585,125.159532546997,NA,NA
"273",-28.2987289428711,98.6359329223633,14.0988160061637,18.6518429919447,126.934661865234,NA,NA
"274",-26.2591781616211,95.3791198730469,14.2316274592474,18.7394703442518,121.638298034668,NA,NA
"275",-26.3304672241211,87.2123489379883,14.493049546171,18.6387533946973,113.542816162109,NA,NA
"276",-25.0812911987305,89.082389831543,14.391658963963,18.7088575601724,114.163681030273,NA,NA
"277",-26.5999660491943,93.1722640991211,14.100318898039,18.9819018966326,119.772230148315,NA,NA
"278",-28.5851001739502,99.6472320556641,14.3382903875334,19.0998129921973,128.232332229614,NA,NA
"279",-30.0840339660645,98.9854202270508,14.7675147098428,18.9373378128505,129.069454193115,NA,NA
"280",-30.6773204803467,97.3138656616211,14.8316927158414,18.7872609127983,127.991186141968,NA,NA
"281",-33.1946105957031,57.0097541809082,5.78252889624567,12.4180789216861,90.2043647766113,NA,NA
"282",-28.9288196563721,51.3417663574219,5.7585631309401,11.9215432735808,80.2705860137939,NA,NA
"283",-23.5286502838135,53.0316200256348,5.75638339971036,11.6234159138813,76.5602703094482,NA,NA
"284",-30.403736114502,51.6999588012695,5.87531006342792,11.879440392191,82.1036949157715,NA,NA
"285",-21.2965755462646,54.681755065918,6.13999797280741,12.0536393859527,75.9783306121826,NA,NA
"286",-19.3750057220459,61.3769721984863,6.19023700742714,12.0530767691935,80.7519779205322,NA,NA
"287",-20.0767440795898,54.6077346801758,5.9885654347595,11.9912934581677,74.6844787597656,NA,NA
"288",-19.9360961914062,51.2831916809082,6.28048962415025,12.054450832407,71.2192878723145,NA,NA
"289",-19.2400093078613,56.6147689819336,6.76471779026461,11.8749698795877,75.8547782897949,NA,NA
"290",-18.6898460388184,54.9896430969238,6.84344982593548,11.6775293101206,73.6794891357422,NA,NA
"291",-57.9153823852539,53.1694641113281,0.159511928319098,12.1736961629486,111.084846496582,NA,NA
"292",-48.4548377990723,51.2405014038086,0.112653295100349,11.8796948949831,99.6953392028809,NA,NA
"293",-49.0256156921387,43.3104438781738,0.149591250755419,12.30935835241,92.3360595703125,NA,NA
"294",-47.0578498840332,43.7817001342773,0.37952684970283,11.8859235126108,90.8395500183105,NA,NA
"295",-39.9424476623535,48.3480339050293,0.517601206682376,11.0714490923386,88.2904815673828,NA,NA
"296",-47.8237228393555,38.2324485778809,0.326054750882434,10.3931684961154,86.0561714172363,NA,NA
"297",-40.6825370788574,49.2670135498047,0.241471896677352,10.864937297391,89.9495506286621,NA,NA
"298",-41.8458709716797,45.7299995422363,0.3477712706923,11.1020141751906,87.575870513916,NA,NA
"299",-40.675708770752,41.578784942627,0.411581394658161,10.3823631553489,82.2544937133789,NA,NA
"300",-37.0510864257812,50.8225326538086,0.407889058613072,10.3422440313561,87.8736190795898,NA,NA
"301",-25.4598941802979,27.0107975006104,-0.545841394375814,5.44186542916778,52.4706916809082,NA,NA
"302",-22.4007110595703,19.290189743042,-0.557306869889549,5.10250269768648,41.6909008026123,NA,NA
"303",-24.1604461669922,18.6573657989502,-0.485920288171496,5.31969927969796,42.8178119659424,NA,NA
"304",-23.0940380096436,15.3034648895264,-0.370788116934814,5.05709097607904,38.3975028991699,NA,NA
"305",-21.1088027954102,20.3951797485352,-0.38289734754282,5.01598303244692,41.5039825439453,NA,NA
"306",-21.6624488830566,20.5997428894043,-0.333903461518209,5.17149977492343,42.2621917724609,NA,NA
"307",-27.5606517791748,22.3605575561523,-0.300837681394148,5.24351846630056,49.9212093353271,NA,NA
"308",-24.2959613800049,19.0555553436279,-0.314403661436074,5.16947932057646,43.3515167236328,NA,NA
"309",-18.2706775665283,20.2082633972168,-0.332704479554715,4.94410606834218,38.4789409637451,NA,NA
"310",-20.4647159576416,18.9364700317383,-0.248519355733408,4.91132343029565,39.4011859893799,NA,NA
"311",0,1,0.398373511637972,0.430769002542189,1,NA,NA
"312",0,1,0.390820360937955,0.427406198934495,1,NA,NA
"313",0,1,0.393189616117174,0.427812835640896,1,NA,NA
"314",0,1,0.402627964612132,0.429067103775171,1,NA,NA
"315",0,1,0.412174757846776,0.431805309723868,1,NA,NA
"316",0,1,0.40928769772908,0.428512001145897,1,NA,NA
"317",0,1,0.405810684134195,0.427533280171116,1,NA,NA
"318",0,1,0.400203853756548,0.428484175873735,1,NA,NA
"319",0,1,0.395512689752272,0.425785298402196,1,NA,NA
"320",0,1,0.383165156477215,0.424523221491284,1,NA,NA
"321",0,0.629560232162476,0.0132023587052032,0.0335101904089743,0.629560232162476,NA,NA
"322",0,0.607454299926758,0.0131631984060751,0.0339542051356813,0.607454299926758,NA,NA
"323",0,0.60262656211853,0.013738545794214,0.0353757751741996,0.60262656211853,NA,NA
"324",0,0.601238608360291,0.0137404707311286,0.0356173171995326,0.601238608360291,NA,NA
"325",0,0.537206947803497,0.0130374380079594,0.0329088037502151,0.537206947803497,NA,NA
"326",0,0.478514581918716,0.0129956275927796,0.0328761049829581,0.478514581918716,NA,NA
"327",0,0.612615287303925,0.0134322952783352,0.0346390617625214,0.612615287303925,NA,NA
"328",0,0.594330608844757,0.0135035639792777,0.0345033081843589,0.594330608844757,NA,NA
"329",0,0.534244179725647,0.0131731566425346,0.0330011019482839,0.534244179725647,NA,NA
"330",0,0.59962522983551,0.0135095754250353,0.035009580769213,0.59962522983551,NA,NA
"331",-31.2344856262207,200.416732788086,48.7093566046463,29.0267541259243,231.651218414307,NA,NA
"332",-28.6332397460938,201.4931640625,51.2518682870123,32.1936617330038,230.126403808594,NA,NA
"333",-40.3820991516113,233.783935546875,50.9892170017862,31.9695312067199,274.166034698486,NA,NA
"334",-25.8339977264404,243.371231079102,49.5313278761678,28.2557444163998,269.205228805542,NA,NA
"335",-31.2877388000488,186.898544311523,49.4726945148073,28.1596616243834,218.186283111572,NA,NA
"336",-31.0303783416748,203.087295532227,51.8747792271179,31.4374657194849,234.117673873901,NA,NA
"337",-20.9176158905029,239.214965820312,51.6086057004199,31.4256565496118,260.132581710815,NA,NA
"338",-23.0844612121582,251.281585693359,50.1650326540555,28.2600079440898,274.366046905518,NA,NA
"339",-24.4815979003906,198.799942016602,49.7734513583902,28.3066031869357,223.281539916992,NA,NA
"340",-18.2302341461182,193.385299682617,51.8498465153454,31.6088334683348,211.615533828735,NA,NA
"341",0,0.884903907775879,0.0345105453053281,0.0651314069089791,0.884903907775879,NA,NA
"342",0,0.740530848503113,0.0338090065247488,0.0627056729655033,0.740530848503113,NA,NA
"343",0,0.819895267486572,0.0341166875703724,0.063097577194736,0.819895267486572,NA,NA
"344",0,0.842842876911163,0.0340491672914436,0.0643149059705709,0.842842876911163,NA,NA
"345",0,0.844352960586548,0.0341599870820151,0.0642641239123446,0.844352960586548,NA,NA
"346",0,0.812464237213135,0.0341303722512137,0.0642081748915257,0.812464237213135,NA,NA
"347",0,1.10512447357178,0.0342781697332716,0.064694097364757,1.10512447357178,NA,NA
"348",0,0.816604852676392,0.0338783562843457,0.0653491398076991,0.816604852676392,NA,NA
"349",0,1.07316553592682,0.0339001855119599,0.0654573278498769,1.07316553592682,NA,NA
"350",0,1.27888262271881,0.0345447096535149,0.0657355371866989,1.27888262271881,NA,NA
"351",0,932.177551269531,133.593250510571,201.0381823822,932.177551269531,NA,NA
"352",0,947.472045898438,132.769484997423,201.264591931358,947.472045898438,NA,NA
"353",0,971.469177246094,136.395485597299,205.740848877739,971.469177246094,NA,NA
"354",0,958.801940917969,141.223662288896,216.280758914917,958.801940917969,NA,NA
"355",0,944.834411621094,134.082794363226,200.02621923029,944.834411621094,NA,NA
"356",0,961.1787109375,134.215835745199,204.195417944068,961.1787109375,NA,NA
"357",0,985.551879882812,137.1529490983,206.503453703787,985.551879882812,NA,NA
"358",0,959.142333984375,141.775616395694,215.379363280512,959.142333984375,NA,NA
"359",0,973.336486816406,134.666676761186,201.096576794903,973.336486816406,NA,NA
"360",0,967.577819824219,132.117223280772,198.030955384064,967.577819824219,NA,NA
"361",92.3278198242188,441.612365722656,288.334066142087,101.302202387578,349.284545898438,NA,NA
"362",80.7582702636719,440.252960205078,290.229655574869,101.392632527775,359.494689941406,NA,NA
"363",74.0292205810547,437.9013671875,292.086122194098,101.021251032252,363.872146606445,NA,NA
"364",67.3004684448242,437.509521484375,294.916897269035,99.8506017098479,370.209053039551,NA,NA
"365",68.3617935180664,452.712066650391,302.662622791198,93.2242090256641,384.350273132324,NA,NA
"366",64.7188949584961,489.522430419922,310.305025245442,93.3440418808091,424.803535461426,NA,NA
"367",63.5305595397949,509.277709960938,315.939889627543,93.2573408375119,445.747150421143,NA,NA
"368",59.8119201660156,500.915496826172,312.121172032285,96.8988732252434,441.103576660156,NA,NA
"369",61.9758682250977,457.146667480469,305.056647271884,96.1792486601176,395.170799255371,NA,NA
"370",71.3747940063477,435.533142089844,297.579874517327,96.7531862661386,364.158348083496,NA,NA
"371",22.3575286865234,170.358154296875,77.5462251972338,19.357719687002,148.000625610352,NA,NA
"372",27.367826461792,149.434036254883,76.4735359551247,19.7508030354697,122.066209793091,NA,NA
"373",19.9404602050781,154.919540405273,75.7881175723893,20.911172492272,134.979080200195,NA,NA
"374",4.61763572692871,156.320236206055,76.3511258052679,20.5487295659106,151.702600479126,NA,NA
"375",8.42808723449707,165.633270263672,78.4704850192389,19.8317890365132,157.205183029175,NA,NA
"376",6.77415800094604,175.214630126953,77.9417943604273,20.902067568551,168.440472126007,NA,NA
"377",17.0733547210693,166.525100708008,76.8164921442944,20.3812330437474,149.451745986938,NA,NA
"378",2.02025151252747,161.36164855957,76.5441578168603,20.3013499743829,159.341397047043,NA,NA
"379",19.242166519165,157.605880737305,77.523357307021,19.2517243056519,138.36371421814,NA,NA
"380",31.7531623840332,175.42399597168,77.555526084577,18.3939966092338,143.670833587646,NA,NA
"381",140.59162902832,303.582824707031,217.470718018435,39.0220807531939,162.991195678711,NA,NA
"382",136.198760986328,312.602874755859,216.571465718525,40.3607001090347,176.404113769531,NA,NA
"383",123.988929748535,313.993560791016,216.423468722099,41.3153997693278,190.00463104248,NA,NA
"384",109.688102722168,314.690063476562,217.23055191752,41.020496924424,205.001960754395,NA,NA
"385",107.712600708008,316.116973876953,220.147174199698,40.1586274351844,208.404373168945,NA,NA
"386",101.314277648926,341.078369140625,222.605114061109,44.0294921491379,239.764091491699,NA,NA
"387",99.0587844848633,334.404693603516,223.315279744152,45.0430111394281,235.345909118652,NA,NA
"388",96.6732406616211,339.496673583984,223.560025435493,47.2983554771719,242.823432922363,NA,NA
"389",100.617767333984,324.432952880859,221.020846026777,44.6366042019219,223.815185546875,NA,NA
"390",114.743301391602,307.276458740234,218.601243638054,41.6767700248368,192.533157348633,NA,NA
"391",0,434.147552490234,240.027045196391,147.998950907839,434.147552490234,NA,NA
"392",0,379.539581298828,220.674415862805,111.684978286121,379.539581298828,NA,NA
"393",7.68255090713501,351.410888671875,203.136874238072,96.336036375711,343.72833776474,NA,NA
"394",0,366.890533447266,205.959592784248,101.452909043818,366.890533447266,NA,NA
"395",0,396.349456787109,218.135815838411,126.958911565996,396.349456787109,NA,NA
"396",0,417.520263671875,221.505053283098,143.069886821479,417.520263671875,NA,NA
"397",0,394.368041992188,215.126839886865,131.504278041064,394.368041992188,NA,NA
"398",0,360.957580566406,202.983402938685,104.789625638956,360.957580566406,NA,NA
"399",4.53365230560303,334.082794189453,196.359274098546,94.1406418462656,329.54914188385,NA,NA
"400",0,373.950317382812,210.100816559493,101.186125906592,373.950317382812,NA,NA
"401",4.2986638959519e-07,2.01868861040566e-05,1.85989559700719e-06,1.80854841953819e-06,1.97570197144614e-05,NA,NA
"402",4.46828806843769e-07,2.48189699050272e-05,2.02412013147129e-06,2.01927397426708e-06,2.43721410981834e-05,NA,NA
"403",3.61937338766438e-07,2.91420365101658e-05,2.31526263928497e-06,2.87773105797606e-06,2.87800991713993e-05,NA,NA
"404",4.01132552951822e-07,2.65648031927412e-05,2.4750968380368e-06,2.89682956648865e-06,2.61636706397894e-05,NA,NA
"405",2.9007713919782e-07,3.01854852295946e-05,2.61125366590577e-06,3.48185554794928e-06,2.98954080903968e-05,NA,NA
"406",2.18207489410815e-07,3.59112636942882e-05,2.81898515337129e-06,3.87313096286064e-06,3.56930562048774e-05,NA,NA
"407",1.71264332493593e-07,3.61597849405371e-05,3.01332530276365e-06,4.30921571649881e-06,3.59885206080435e-05,NA,NA
"408",1.74475005110253e-07,3.84689374186564e-05,3.0235414237424e-06,4.1469101800817e-06,3.82944624135462e-05,NA,NA
"409",1.68778925058177e-07,3.73000839317683e-05,2.81603053017369e-06,3.85480023498254e-06,3.71313050067101e-05,NA,NA
"410",1.99094486674767e-07,3.81067438866012e-05,2.33684827608996e-06,3.18950568981658e-06,3.79076493999264e-05,NA,NA
"411",0,436.557586669922,202.762113172162,134.654183540552,436.557586669922,NA,NA
"412",0,404.451263427734,196.042094976995,123.606312207566,404.451263427734,NA,NA
"413",6.41982650756836,383.3994140625,188.914919452854,116.78153506164,376.979587554932,NA,NA
"414",0,397.147125244141,187.852756589594,115.916258430176,397.147125244141,NA,NA
"415",0,408.27294921875,193.669822131034,122.991122720571,408.27294921875,NA,NA
"416",0,433.564544677734,198.696100277817,129.687704255658,433.564544677734,NA,NA
"417",0,421.494445800781,199.95386075155,126.082492212071,421.494445800781,NA,NA
"418",0,394.369781494141,192.74456961076,112.852251057918,394.369781494141,NA,NA
"419",2.42659306526184,372.996795654297,186.115420338853,111.313387812059,370.570202589035,NA,NA
"420",0,401.687591552734,187.707254633338,118.166916175152,401.687591552734,NA,NA
"421",2.6736930447413e-09,9.42984570428962e-06,1.12191406103826e-07,4.18588834430604e-07,9.42717201124488e-06,NA,NA
"422",3.0450171273344e-09,6.44910051050829e-06,9.73784009521713e-08,2.99658304320811e-07,6.44605549338095e-06,NA,NA
"423",2.63914623488404e-09,7.31717136659427e-06,1.11163882151758e-07,3.75854868110917e-07,7.31453222035938e-06,NA,NA
"424",3.2451217268914e-09,3.29712133861904e-06,9.05604102812991e-08,2.33690144347788e-07,3.29387621689214e-06,NA,NA
"425",3.21520432500222e-09,3.20439380629978e-06,9.50374947326976e-08,2.06083611665923e-07,3.20117860197477e-06,NA,NA
"426",2.53372411940234e-09,5.89944556850241e-06,1.09369475552412e-07,2.49121318925067e-07,5.89691184438301e-06,NA,NA
"427",2.11458228704942e-09,6.57022837913246e-06,1.37730772815802e-07,3.38544724433602e-07,6.56811379684541e-06,NA,NA
"428",1.98351157720822e-09,7.38053131499328e-06,1.71937728882112e-07,4.36146482968138e-07,7.37854780341607e-06,NA,NA
"429",1.86689330661238e-09,5.26556914337561e-06,1.5234693668735e-07,3.55884247489621e-07,5.263702250069e-06,NA,NA
"430",2.12110329300685e-09,5.36307743459474e-06,1.14340964053039e-07,2.70703487153954e-07,5.36095633130174e-06,NA,NA
"431",1.92511553365193e-08,9.51452238950878e-05,7.56338707989351e-07,3.67212614179895e-06,9.51259727397513e-05,NA,NA
"432",2.04232275535787e-08,6.67037820676342e-05,6.33696847753446e-07,2.44439526678226e-06,6.66833588400806e-05,NA,NA
"433",1.78879595580383e-08,7.48034799471498e-05,7.36108773780998e-07,2.99156654540126e-06,7.47855919875917e-05,NA,NA
"434",2.2123463949697e-08,3.17672129312996e-05,5.51125092070381e-07,1.48166661986936e-06,3.17450894673499e-05,NA,NA
"435",2.16249613771424e-08,3.52158240275458e-05,6.40297751079569e-07,1.55283057158213e-06,3.51941990661686e-05,NA,NA
"436",1.7311984734647e-08,5.71799755562097e-05,7.52042680045473e-07,2.04903401104796e-06,5.7162663571475e-05,NA,NA
"437",1.47269387795745e-08,6.53025272185914e-05,1.10157414909117e-06,3.18077524521311e-06,6.52878002798118e-05,NA,NA
"438",1.43535512364679e-08,8.32260266179219e-05,1.48790383038577e-06,4.37164407308163e-06,8.32116730666854e-05,NA,NA
"439",1.38745059885537e-08,7.43869386496954e-05,1.18930292234506e-06,3.42570483711468e-06,7.43730641437068e-05,NA,NA
"440",1.66693716607824e-08,9.97125316644087e-05,7.34382509822701e-07,1.94550092849784e-06,9.9695862292748e-05,NA,NA
"441",5.67107152938843,169.777908325195,52.0878740480101,20.0371589573699,164.106836795807,NA,NA
"442",11.1166572570801,147.983428955078,50.4035406057481,19.4952927178865,136.866771697998,NA,NA
"443",11.6294984817505,152.30126953125,50.3844984641161,18.7949180457395,140.6717710495,NA,NA
"444",-4.00461101531982,155.009323120117,51.141101332494,18.8194505799924,159.013934135437,NA,NA
"445",-1.6246919631958,163.091888427734,52.6006481056177,19.9561094570377,164.71658039093,NA,NA
"446",-3.50111818313599,174.916961669922,51.2657237639377,21.9756272540102,178.418079853058,NA,NA
"447",-12.0831098556519,166.458129882812,49.2227761774731,22.2659998634341,178.541239738464,NA,NA
"448",-9.16069984436035,160.813034057617,49.9153617892113,20.9783539379701,169.973733901978,NA,NA
"449",3.68216300010681,154.574493408203,50.6291067238285,18.6945041968434,150.892330408096,NA,NA
"450",8.00170993804932,173.77278137207,50.9077605565803,18.0948257890467,165.771071434021,NA,NA
"451",0,432.157653808594,199.619836595639,133.219784058988,432.157653808594,NA,NA
"452",0,400.269500732422,193.034432525286,122.451033548153,400.269500732422,NA,NA
"453",6.01914072036743,379.471801757812,186.066106308786,115.769436149137,373.452661037445,NA,NA
"454",0,393.173095703125,184.967476062985,114.885688070802,393.173095703125,NA,NA
"455",0,404.144866943359,190.695435320613,121.694708985226,404.144866943359,NA,NA
"456",0,429.320281982422,195.694923221936,128.150237229798,429.320281982422,NA,NA
"457",0,417.315979003906,196.983932618864,124.580574298731,417.315979003906,NA,NA
"458",0,390.388305664062,189.854231887728,111.658733204674,390.388305664062,NA,NA
"459",2.21799230575562,369.09326171875,183.310847178339,110.307687319526,366.875269412994,NA,NA
"460",0,397.648773193359,184.792925935064,117.147247994796,397.648773193359,NA,NA
"461",0,1,0.343875784249399,0.464404312324544,1,NA,NA
"462",0,1,0.343875784249399,0.464404312324544,1,NA,NA
"463",0,1,0.343875784249399,0.464404312324544,1,NA,NA
"464",0,1,0.343875784249399,0.464404312324544,1,NA,NA
"465",0,1,0.343875784249399,0.464404312324544,1,NA,NA
"466",0,1,0.343875784249399,0.464404312324544,1,NA,NA
"467",0,1,0.343875784249399,0.464404312324544,1,NA,NA
"468",0,1,0.343875784249399,0.464404312324544,1,NA,NA
"469",0,1,0.343875784249399,0.464404312324544,1,NA,NA
"470",0,1,0.343875784249399,0.464404312324544,1,NA,NA
"471",51.8838844299316,1615.64233398438,412.026031264138,246.652327275483,1563.75844955444,NA,NA
"472",50.8097076416016,1478.21533203125,413.740580684402,247.005791982146,1427.40562438965,NA,NA
"473",48.8908882141113,1506.0048828125,427.339459304525,241.214960222856,1457.11399459839,NA,NA
"474",47.0052909851074,1376.58764648438,439.974095231198,244.794476592705,1329.58235549927,NA,NA
"475",48.4841651916504,1561.37463378906,450.990811131343,249.519265716691,1512.89046859741,NA,NA
"476",46.577938079834,1577.845703125,451.932219300695,261.700194669126,1531.26776504517,NA,NA
"477",48.0744590759277,1597.30871582031,448.589124940543,257.412347663852,1549.23425674438,NA,NA
"478",48.0910034179688,1536.08850097656,440.511089869395,240.764521508255,1487.99749755859,NA,NA
"479",48.1615219116211,1433.87585449219,445.41338938178,229.056622661921,1385.71433258057,NA,NA
"480",50.3622627258301,1431.61303710938,436.906106448146,233.404111539239,1381.25077438354,NA,NA
"481",3.10385549727454e-12,9.65991020507317e-09,5.38372270355263e-10,8.08216275227521e-10,9.6568063495759e-09,NA,NA
"482",4.76132284640829e-12,1.23758123748985e-08,5.57939421170625e-10,8.73251343650295e-10,1.23710510520521e-08,NA,NA
"483",2.66146631643094e-12,1.13983249505623e-08,6.13531292438938e-10,1.08630408488127e-09,1.13956634842458e-08,NA,NA
"484",6.09845941107467e-13,1.21352856652379e-08,5.93285337152131e-10,1.0710964687678e-09,1.21346758192968e-08,NA,NA
"485",4.95520670936583e-13,1.46395890965323e-08,6.37230498186457e-10,1.24804379242325e-09,1.46390935758614e-08,NA,NA
"486",1.53051928227475e-13,1.88303417303359e-08,6.36669129257289e-10,1.26901442343694e-09,1.88301886784077e-08,NA,NA
"487",1.07016466814516e-13,1.74292935639642e-08,6.51938749892193e-10,1.33503466328743e-09,1.74291865474974e-08,NA,NA
"488",1.11242219320677e-13,2.05855155144263e-08,6.82483452578185e-10,1.38105186886491e-09,2.0585404272207e-08,NA,NA
"489",1.17313846354286e-13,1.69982072861785e-08,6.68084058236325e-10,1.35515532491066e-09,1.69980899723322e-08,NA,NA
"490",1.4686334288451e-13,1.8427684267408e-08,6.00771316514642e-10,1.33975972197848e-09,1.84275374040652e-08,NA,NA
"491",3.59390785564079e-15,6.24107820978992e-10,1.1007726713295e-11,2.86475377168582e-11,6.24104227071136e-10,NA,NA
"492",7.56082106916512e-15,7.79624809155166e-10,1.36595500504788e-11,3.79528831266967e-11,7.79617248334097e-10,NA,NA
"493",1.312352953224e-14,8.23879853228959e-10,1.38762427301087e-11,3.78784701948237e-11,8.23866729699427e-10,NA,NA
"494",2.33632396808296e-15,6.07052519363549e-10,1.52810761728347e-11,4.0554966395483e-11,6.07050183039581e-10,NA,NA
"495",1.99386621816745e-15,9.03413455155544e-10,1.61220002701764e-11,5.4503171526584e-11,9.03411461289326e-10,NA,NA
"496",5.57853728539755e-16,1.58731428001602e-09,1.72938429268064e-11,6.48466388953985e-11,1.58731372216229e-09,NA,NA
"497",3.22479921989154e-16,1.55758728137556e-09,1.49899202137169e-11,5.64983322261514e-11,1.55758695889564e-09,NA,NA
"498",6.07829837098061e-16,1.79167480851561e-09,1.48872778885964e-11,5.67000778918097e-11,1.79167420068577e-09,NA,NA
"499",1.540788188802e-15,1.76922987371597e-09,1.4221955033192e-11,5.70757299090085e-11,1.76922833292778e-09,NA,NA
"500",1.78889356229432e-15,8.4049411874787e-10,1.29384067380169e-11,4.15779635507571e-11,8.40492329854308e-10,NA,NA
"501",0.43741711974144,59.1003532409668,17.3730938826651,15.5474093790581,58.6629361212254,NA,NA
"502",0.323975592851639,59.4292945861816,17.6448987205804,15.6707256544788,59.10531899333,NA,NA
"503",0.245936349034309,58.3103256225586,17.8200317956521,15.62040414553,58.0643892735243,NA,NA
"504",0.188850879669189,56.5682830810547,18.0511876601134,15.2572545069924,56.3794322013855,NA,NA
"505",0.189807340502739,56.4553184509277,18.6126744487747,14.7506224478284,56.265511110425,NA,NA
"506",0.154270559549332,59.2188911437988,19.8919279854357,14.9699400943668,59.0646205842495,NA,NA
"507",0.142259180545807,63.0323791503906,21.2934371688825,15.3892388768221,62.8901199698448,NA,NA
"508",0.11763458698988,66.7283096313477,21.0353697962454,16.0276198561454,66.6106750443578,NA,NA
"509",0.128303706645966,59.6235580444336,19.4889952072885,15.458832176052,59.4952543377876,NA,NA
"510",0.194509476423264,56.5135231018066,18.326979899987,15.1722448916105,56.3190136253834,NA,NA
"511",141.194259643555,305.208892822266,218.844238637222,39.1373049460511,164.014633178711,NA,NA
"512",136.816696166992,313.997802734375,217.888800912709,40.4969528996616,177.181106567383,NA,NA
"513",124.965538024902,315.4013671875,217.687076584333,41.4510383832505,190.435829162598,NA,NA
"514",110.186332702637,316.127838134766,218.461728113117,41.2106584642514,205.941505432129,NA,NA
"515",108.042510986328,317.635894775391,221.36986739423,40.4472121622727,209.593383789062,NA,NA
"516",101.541709899902,342.683135986328,223.841248896663,44.4003419795658,241.141426086426,NA,NA
"517",99.2813110351562,336.003570556641,224.562501706459,45.396209009267,236.722259521484,NA,NA
"518",97.036262512207,341.033538818359,224.789830610708,47.5825708406037,243.997276306152,NA,NA
"519",101.388938903809,325.878967285156,222.236093389215,44.8186867512382,224.490028381348,NA,NA
"520",115.854354858398,308.655517578125,219.828806457972,41.816118959359,192.801162719727,NA,NA
"521",0,451.018859863281,242.551761505709,165.004416229787,451.018859863281,NA,NA
"522",0,420.282684326172,235.117448949223,148.723102976784,420.282684326172,NA,NA
"523",6.62685871124268,399.487640380859,225.000863057001,136.557979407926,392.860781669617,NA,NA
"524",0,398.070495605469,222.406671805373,134.924918928473,398.070495605469,NA,NA
"525",0,417.592864990234,227.477613561893,144.865267405166,417.592864990234,NA,NA
"526",0,434.760528564453,235.453557120859,154.379846277533,434.760528564453,NA,NA
"527",0,423.694946289062,240.67225122472,150.059221115798,423.694946289062,NA,NA
"528",0,401.758056640625,233.152953532278,133.210176535435,401.758056640625,NA,NA
"529",2.29087710380554,391.632263183594,224.269956418818,130.227143664831,389.341386079788,NA,NA
"530",0,402.855804443359,224.167256379694,140.979733952884,402.855804443359,NA,NA
"531",197.06169128418,228.552001953125,213.158125989139,6.16092903868112,31.4903106689453,NA,NA
"532",197.264617919922,227.384460449219,213.093274577348,6.13923109310127,30.1198425292969,NA,NA
"533",196.67529296875,227.62060546875,212.985326493504,6.25137643791652,30.9453125,NA,NA
"534",197.18505859375,227.027359008789,212.964982679321,6.2773001358506,29.8423004150391,NA,NA
"535",197.414291381836,227.556045532227,212.95824315868,6.21363886175499,30.1417541503906,NA,NA
"536",198.89680480957,228.417892456055,212.901553871179,6.19482474503528,29.5210876464844,NA,NA
"537",198.502655029297,228.010604858398,212.891073237139,6.17065012205798,29.5079498291016,NA,NA
"538",198.873733520508,227.499923706055,213.075103011396,5.92702591068348,28.6261901855469,NA,NA
"539",199.412017822266,225.997756958008,213.242398662148,5.5246353445025,26.5857391357422,NA,NA
"540",199.199401855469,228.229919433594,213.176385622334,5.4481165208596,29.030517578125,NA,NA
"541",2.40718713939714e-06,0.000160483250510879,1.76560947742128e-05,1.83307942348446e-05,0.000158076063371482,NA,NA
"542",2.52990707849676e-06,0.000120648102893028,1.76132530357186e-05,1.74428383472857e-05,0.000118118195814532,NA,NA
"543",2.38794837059686e-06,0.000116363087727223,1.77958303288997e-05,1.7641260785214e-05,0.000113975139356626,NA,NA
"544",2.42633973357442e-06,0.00011473228369141,1.77988121773798e-05,1.76987618330867e-05,0.000112305943957836,NA,NA
"545",2.56588441516215e-06,0.000120930890261661,1.75311541632816e-05,1.74640769124354e-05,0.000118365005846499,NA,NA
"546",2.58464956459648e-06,0.000112280678877141,1.73593760563123e-05,1.72713007021231e-05,0.000109696029312545,NA,NA
"547",2.64017762674484e-06,0.000110941102320794,1.74273491130018e-05,1.71095322139152e-05,0.000108300924694049,NA,NA
"548",2.70218447440129e-06,0.000114462665806059,1.7428812605987e-05,1.7236403260006e-05,0.000111760481331658,NA,NA
"549",2.73855812338297e-06,0.000109751585114282,1.76137924906314e-05,1.74061002537273e-05,0.000107013026990899,NA,NA
"550",2.37663880398031e-06,0.00011996844841633,1.76557346626056e-05,1.73358417107638e-05,0.00011759180961235,NA,NA
"551",80.5289001464844,338.079315185547,219.653947288377,45.580065568806,257.550415039062,NA,NA
"552",98.0275268554688,320.049682617188,219.682648589352,43.5141454381974,222.022155761719,NA,NA
"553",102.622428894043,324.673065185547,219.315024524237,43.436995258973,222.050636291504,NA,NA
"554",99.1357116699219,315.24365234375,218.718714215689,43.8416340445583,216.107940673828,NA,NA
"555",103.803916931152,319.263366699219,218.110164028075,44.3811580749022,215.459449768066,NA,NA
"556",106.655853271484,319.736267089844,218.973294441071,43.7786995143807,213.080413818359,NA,NA
"557",100.930160522461,314.476776123047,220.02750420529,43.1596936157472,213.546615600586,NA,NA
"558",100.133735656738,313.704528808594,219.443124849487,43.372011477267,213.570793151855,NA,NA
"559",104.205596923828,321.502655029297,219.549382710484,43.840306838534,217.297058105469,NA,NA
"560",110.101921081543,328.881072998047,219.552029042056,44.5403471891339,218.779151916504,NA,NA
"561",-78.7946472167969,77.7977828979492,-1.3640545728892,25.8437157403921,156.592430114746,NA,NA
"562",-78.0367965698242,78.2601165771484,-1.50109014568456,25.8333072528434,156.296913146973,NA,NA
"563",-70.8512649536133,74.4745254516602,-0.832361104273167,26.0867313434048,145.325790405273,NA,NA
"564",-66.9775466918945,76.3493118286133,0.140935179872418,26.960073777569,143.326858520508,NA,NA
"565",-67.4229888916016,92.2008361816406,0.6941506919626,27.7683454547294,159.623825073242,NA,NA
"566",-83.0165100097656,100.238586425781,0.487890785118774,28.067503767586,183.255096435547,NA,NA
"567",-94.5453643798828,100.61156463623,-0.164867579750224,27.8660430263539,195.156929016113,NA,NA
"568",-88.9314193725586,90.4014282226562,-0.504283775195116,27.2046611138425,179.332847595215,NA,NA
"569",-75.2820510864258,75.2820510864258,-0.161811057748948,26.7144918078809,150.564102172852,NA,NA
"570",-71.6245193481445,71.9961853027344,0.475876841690702,26.8006621182411,143.620704650879,NA,NA
"571",0.282701432704926,74.2621994018555,17.2376696746937,16.1029170140889,73.9794979691505,NA,NA
"572",0.330374985933304,71.6280975341797,17.3004802001448,15.9773047162593,71.2977225482464,NA,NA
"573",0.357956141233444,69.3631591796875,17.4166069255702,15.9876191546201,69.0052030384541,NA,NA
"574",0.322981953620911,67.7756729125977,17.4821935049716,16.0361897485365,67.4526909589767,NA,NA
"575",0.25019559264183,67.6703186035156,17.3198667440851,16.0491062355467,67.4201230108738,NA,NA
"576",0.139404296875,66.2357330322266,17.2920344683508,16.0220321089812,66.0963287353516,NA,NA
"577",0.0980713367462158,65.2791442871094,17.4029733365287,16.0626554908807,65.1810729503632,NA,NA
"578",0.103092700242996,71.4034652709961,17.4182463401411,16.1356168586414,71.3003725707531,NA,NA
"579",0.14051853120327,69.7046813964844,17.3948649579696,16.1745867042,69.5641628652811,NA,NA
"580",0.162971660494804,68.6375427246094,17.4247878337712,16.1477446958264,68.4745710641146,NA,NA
"581",6.29132500762353e-06,0.0218469351530075,0.00715283762476981,0.00637323887745112,0.0218406438279999,NA,NA
"582",1.36766202558647e-05,0.0219343788921833,0.00717307826141919,0.00638935281356873,0.0219207022719274,NA,NA
"583",1.1834620636364e-05,0.0218076631426811,0.00718209292718538,0.00639662613839098,0.0217958285220448,NA,NA
"584",1.13184032670688e-05,0.0221055913716555,0.0071777047496348,0.00643080021790515,0.0220942729683884,NA,NA
"585",1.49136139953043e-05,0.0220718421041965,0.00716125545564367,0.00641547596940753,0.0220569284902012,NA,NA
"586",1.52321736095473e-05,0.0223880670964718,0.00717907918431513,0.00642452306972498,0.0223728349228622,NA,NA
"587",1.26016439025989e-05,0.0218692794442177,0.00718205304490233,0.0064164250863149,0.0218566778003151,NA,NA
"588",1.2014725143672e-05,0.0224687550216913,0.00717219841591134,0.0064390004609059,0.0224567402965477,NA,NA
"589",1.43101260619005e-05,0.0224146340042353,0.00716774981692357,0.0064172070491942,0.0224003238781734,NA,NA
"590",1.43693860081839e-05,0.0228407476097345,0.00720342500914457,0.00643174605201817,0.0228263782237264,NA,NA
"591",183.204666137695,234.395965576172,204.151642892648,9.31083533281982,51.1912994384766,NA,NA
"592",183.833221435547,228.875640869141,204.102199830115,9.31728520317494,45.0424194335938,NA,NA
"593",183.770812988281,229.57470703125,204.03289760456,9.31919763742433,45.8038940429688,NA,NA
"594",184.253143310547,240.156478881836,204.027428725803,9.3745481654489,55.9033355712891,NA,NA
"595",183.800277709961,242.319046020508,204.04233559221,9.40699244451014,58.5187683105469,NA,NA
"596",183.77180480957,236.80744934082,204.05835010746,9.42599845112162,53.03564453125,NA,NA
"597",183.151336669922,235.722320556641,204.065751203784,9.42811895619804,52.5709838867188,NA,NA
"598",183.196823120117,237.178375244141,204.074631044158,9.48237242973059,53.9815521240234,NA,NA
"599",181.642227172852,236.830337524414,204.066112519966,9.52451050852281,55.1881103515625,NA,NA
"600",179.048919677734,238.277908325195,204.032594877813,9.58589197867168,59.2289886474609,NA,NA
"601",52399.6328125,103900.3125,96605.9761264236,9597.9482797685,51500.6796875,NA,NA
"602",52215.59765625,103131.9140625,96523.2894594404,9564.99745062002,50916.31640625,NA,NA
"603",53133.703125,103326.0546875,96693.2296930242,9543.91027617443,50192.3515625,NA,NA
"604",53272.43359375,103455.03125,96668.6258777336,9666.02166895374,50182.59765625,NA,NA
"605",53416.2734375,103561.1953125,96752.9629036232,9441.20450062522,50144.921875,NA,NA
"606",53634.7890625,102582.1328125,96595.8780584689,9596.79589354114,48947.34375,NA,NA
"607",53629.8828125,103612.4296875,96561.8821717015,9611.5681368738,49982.546875,NA,NA
"608",53714.90234375,102987.046875,96492.2094517461,9629.83027682758,49272.14453125,NA,NA
"609",53628.3828125,102520.84375,96451.1169212483,9801.44577554895,48892.4609375,NA,NA
"610",53393.59765625,102997.9765625,96473.9730392739,9706.85177247504,49604.37890625,NA,NA
"611",3.42907619476318,6.86287403106689,6.32707670255547,0.636395052062711,3.43379783630371,NA,NA
"612",3.42042207717896,6.82081365585327,6.32668631331978,0.635982321242982,3.40039157867432,NA,NA
"613",3.4844183921814,6.84845399856567,6.34167824554067,0.636893980194259,3.36403560638428,NA,NA
"614",3.4991557598114,6.85618829727173,6.34291333955695,0.645393381411905,3.35703253746033,NA,NA
"615",3.51193571090698,6.84770679473877,6.34645353375365,0.628551445449589,3.33577108383179,NA,NA
"616",3.52407836914062,6.76009511947632,6.3285843491537,0.635107097230334,3.23601675033569,NA,NA
"617",3.52045273780823,6.80336809158325,6.32078966755782,0.63316159100585,3.28291535377502,NA,NA
"618",3.51913022994995,6.7526707649231,6.31630950595287,0.633039405115445,3.23354053497314,NA,NA
"619",3.51169610023499,6.72616338729858,6.31691645230253,0.644129427698169,3.2144672870636,NA,NA
"620",3.50070786476135,6.76772594451904,6.32442088817953,0.638916682816732,3.26701807975769,NA,NA
"621",3.48389029502869,6.95291328430176,6.42361601497719,0.646163159777075,3.46902298927307,NA,NA
"622",3.47128701210022,6.89407873153687,6.42200657586067,0.644512260129387,3.42279171943665,NA,NA
"623",3.53535842895508,6.91817188262939,6.43787339512966,0.644057992184964,3.38281345367432,NA,NA
"624",3.54760241508484,6.9318675994873,6.44066059985198,0.65256741262612,3.38426518440247,NA,NA
"625",3.56101870536804,6.94277334213257,6.45084424638103,0.637117244811934,3.38175463676453,NA,NA
"626",3.57850074768066,6.86781215667725,6.4441620960823,0.647121002914313,3.28931140899658,NA,NA
"627",3.58224034309387,6.9442720413208,6.44568110634659,0.647884780524392,3.36203169822693,NA,NA
"628",3.59079384803772,6.90234994888306,6.44557023457148,0.649206696846158,3.31155610084534,NA,NA
"629",3.58748936653137,6.87845706939697,6.44850324684995,0.661964617587832,3.2909677028656,NA,NA
"630",3.57440209388733,6.92540979385376,6.4557091650829,0.656811961197727,3.35100769996643,NA,NA
"631",233.638595581055,334.808258056641,281.873698094101,19.3151572479395,101.169662475586,NA,NA
"632",234.876480102539,335.039001464844,282.152360608732,20.1263917127814,100.162521362305,NA,NA
"633",220.718246459961,334.274108886719,282.833754165581,21.6132384765373,113.555862426758,NA,NA
"634",213.407501220703,334.860961914062,283.185228121225,22.8552044253436,121.453460693359,NA,NA
"635",215.703308105469,335.049194335938,285.886019134411,20.9564810585623,119.345886230469,NA,NA
"636",210.5029296875,337.047943115234,286.247482204603,23.0716949561589,126.545013427734,NA,NA
"637",211.972061157227,340.134796142578,286.711551526906,23.3480120672638,128.162734985352,NA,NA
"638",208.756393432617,339.119018554688,286.12063529232,24.0424221821903,130.36262512207,NA,NA
"639",210.313781738281,335.898345947266,285.370689198099,22.8208356527793,125.584564208984,NA,NA
"640",219.673477172852,334.781005859375,284.280174820235,21.1950301041986,115.107528686523,NA,NA
"641",224.492340087891,307.257568359375,275.660436931584,22.6464566030402,82.7652282714844,NA,NA
"642",223.413696289062,309.870147705078,275.443280360213,23.6674175563413,86.4564514160156,NA,NA
"643",213.714141845703,310.288208007812,275.602888562337,24.6612702791178,96.5740661621094,NA,NA
"644",204.348999023438,310.667724609375,276.380179543462,24.7186709863857,106.318725585938,NA,NA
"645",201.724243164062,313.236389160156,278.649265410999,23.0958932994571,111.512145996094,NA,NA
"646",201.103698730469,314.960693359375,279.781788791771,23.8159839460244,113.856994628906,NA,NA
"647",203.491271972656,318.392700195312,280.483019492968,23.8331862800149,114.901428222656,NA,NA
"648",199.78239440918,317.570007324219,279.691762545319,24.6386515143015,117.787612915039,NA,NA
"649",204.971984863281,312.385375976562,278.49251787944,24.2200105189223,107.413391113281,NA,NA
"650",213.055404663086,307.234924316406,277.187801719816,23.3185370450113,94.1795196533203,NA,NA
"651",96778.078125,103997.7421875,100889.45619456,1480.66568532601,7219.6640625,NA,NA
"652",97434.015625,104047.1171875,100843.186413942,1295.10189110108,6613.1015625,NA,NA
"653",97435.5390625,103619.8828125,101047.599760974,1202.28077260571,6184.34375,NA,NA
"654",96312.6171875,103455.03125,101010.875682266,1305.42382648768,7142.4140625,NA,NA
"655",97377.359375,103561.1953125,101094.950891707,1111.06109320648,6183.8359375,NA,NA
"656",97280.8828125,102627.671875,100912.094949228,1182.89112313825,5346.7890625,NA,NA
"657",96590.4609375,103612.4296875,100868.759655281,1207.76229867991,7021.96875,NA,NA
"658",97120.515625,102987.046875,100812.139813317,1187.96856681747,5866.53125,NA,NA
"659",96002.546875,102520.84375,100755.765645486,1407.38087118672,6518.296875,NA,NA
"660",96410.9765625,102975.5234375,100785.82716412,1412.73321052287,6564.546875,NA,NA
"661",95000.6328125,107097.796875,101145.680915126,1825.78439678308,12097.1640625,NA,NA
"662",95792.9609375,107106.90625,101119.691671866,1810.34849109295,11313.9453125,NA,NA
"663",95149.4921875,106914.6328125,101085.817031719,1762.45167961393,11765.140625,NA,NA
"664",95382.8046875,106412.2890625,100998.339281294,1693.4339085101,11029.484375,NA,NA
"665",94802.1875,106078.296875,100931.526914385,1726.01631451494,11276.109375,NA,NA
"666",95343.8203125,105590.0546875,100882.402423717,1737.91619848662,10246.234375,NA,NA
"667",94891.75,105240.953125,100882.407672882,1677.20254497235,10349.203125,NA,NA
"668",94916.9140625,104868.9375,100807.520125495,1748.40641050289,9952.0234375,NA,NA
"669",95093.2265625,104862.5234375,100732.266506901,1782.31767813184,9769.296875,NA,NA
"670",95432.828125,105506.2734375,100744.948857767,1705.74434099812,10073.4453125,NA,NA
"671",228.25993347168,271.258544921875,250.859050538529,13.1653529223011,42.9986114501953,NA,NA
"672",228.702484130859,271.156860351562,250.853789455361,13.1376313218357,42.4543762207031,NA,NA
"673",228.466186523438,270.695343017578,250.918905025279,13.0351315991391,42.2291564941406,NA,NA
"674",228.843200683594,270.370208740234,250.998261745329,12.9397925804842,41.5270080566406,NA,NA
"675",228.421752929688,270.331573486328,251.136840536639,12.9114264780156,41.9098205566406,NA,NA
"676",226.906173706055,269.934722900391,251.28629674045,12.7404697764581,43.0285491943359,NA,NA
"677",226.095672607422,269.902557373047,251.321501401012,12.6663174277171,43.806884765625,NA,NA
"678",228.264953613281,270.223114013672,251.258582219481,12.7099858768297,41.9581604003906,NA,NA
"679",228.887115478516,270.5693359375,251.055674136789,12.9525385854172,41.6822204589844,NA,NA
"680",228.879867553711,270.270965576172,250.93040018915,13.1708403654599,41.3910980224609,NA,NA
"681",231.124252319336,300.100433349609,271.2581651564,15.4080656735593,68.9761810302734,NA,NA
"682",233.239974975586,300.193695068359,271.385042347014,15.1284093811173,66.9537200927734,NA,NA
"683",233.612548828125,301.079803466797,271.496045538397,14.9073060492314,67.4672546386719,NA,NA
"684",235.163681030273,300.891357421875,271.5154827491,14.8314203916296,65.7276763916016,NA,NA
"685",234.775253295898,299.579254150391,271.442644245095,14.9088341241252,64.8040008544922,NA,NA
"686",238.671585083008,298.709259033203,271.52176536868,14.9083699149181,60.0376739501953,NA,NA
"687",237.355133056641,299.097503662109,271.573934658258,14.9513692888846,61.7423706054688,NA,NA
"688",237.684219360352,299.608764648438,271.573186238331,14.9793988290302,61.9245452880859,NA,NA
"689",235.776870727539,299.956634521484,271.495178514885,15.0255359994175,64.1797637939453,NA,NA
"690",235.503631591797,300.387725830078,271.42295287853,15.1152659842086,64.8840942382812,NA,NA
"691",52372.39453125,104676.515625,96583.6966648808,9423.04212121934,52304.12109375,NA,NA
"692",52492.79296875,104507.7421875,96593.9662839395,9434.14552429292,52014.94921875,NA,NA
"693",52496.6484375,104442.5703125,96590.230288329,9444.5954428729,51945.921875,NA,NA
"694",52406.8125,104428.5546875,96602.7239478076,9447.59454837174,52021.7421875,NA,NA
"695",52524.27734375,104508.75,96603.6172672554,9448.21063909928,51984.47265625,NA,NA
"696",52425.921875,104493.5859375,96620.7728229805,9452.15102904755,52067.6640625,NA,NA
"697",52436.15234375,104599.921875,96623.131474389,9454.62793586727,52163.76953125,NA,NA
"698",52379.25,104676.015625,96637.8322091279,9455.14962654857,52296.765625,NA,NA
"699",52410.67578125,104721.828125,96641.795987871,9459.15212086554,52311.15234375,NA,NA
"700",52293.453125,104615.8828125,96663.7282163125,9470.18909859278,52322.4296875,NA,NA
"701",212.095031738281,315.3623046875,276.376538249905,20.9652570254285,103.267272949219,NA,NA
"702",218.378326416016,312.073211669922,276.503835696313,21.3789692753962,93.6948852539062,NA,NA
"703",217.634582519531,308.477020263672,276.291702660697,21.4797333157616,90.8424377441406,NA,NA
"704",217.445739746094,310.974853515625,275.917860919403,21.4027304848688,93.5291137695312,NA,NA
"705",219.302688598633,314.116973876953,276.192785006982,21.2223037521371,94.8142852783203,NA,NA
"706",219.667343139648,310.294921875,276.413593287269,21.4783801054311,90.6275787353516,NA,NA
"707",218.250991821289,309.646240234375,276.277537932826,21.4940343395639,91.3952484130859,NA,NA
"708",217.211410522461,308.098815917969,275.947437959689,21.3259447486149,90.8874053955078,NA,NA
"709",218.111877441406,315.401428222656,276.236386805221,21.1204617623524,97.28955078125,NA,NA
"710",218.884994506836,310.595642089844,276.529433505403,21.3496253889561,91.7106475830078,NA,NA
"711",0,0.993411898612976,0.301669910295742,0.192787819679677,0.993411898612976,NA,NA
"712",0,0.978128373622894,0.323525758169414,0.199291348691138,0.978128373622894,NA,NA
"713",0,0.969677627086639,0.330120426249108,0.198037135128075,0.969677627086639,NA,NA
"714",0,0.976995348930359,0.320382316842962,0.196782599808498,0.976995348930359,NA,NA
"715",0,0.948723316192627,0.302291734526004,0.185948703604567,0.948723316192627,NA,NA
"716",0,0.975737810134888,0.293801966280098,0.184986778082134,0.975737810134888,NA,NA
"717",0,0.977187871932983,0.304576950151548,0.201765677270069,0.977187871932983,NA,NA
"718",0,0.94383579492569,0.300047259839315,0.196752504390899,0.94383579492569,NA,NA
"719",0,0.968468010425568,0.311083385334997,0.192380503205354,0.968468010425568,NA,NA
"720",0,0.961380898952484,0.312041234070921,0.179687630587242,0.961380898952484,NA,NA
"721",4.21050040739688e-15,1.45351748415123e-07,7.89518538646115e-10,3.83958010663267e-09,1.45351744204623e-07,NA,NA
"722",1.1796181046531e-15,2.3936428306115e-07,9.03030640556426e-10,4.45769738589886e-09,2.39364281881532e-07,NA,NA
"723",1.87576864949651e-15,2.63289479107698e-07,9.29939791862964e-10,5.41062677212205e-09,2.63289477231929e-07,NA,NA
"724",2.22085389561442e-15,2.45416202915294e-07,1.20624341830774e-09,6.08971808389393e-09,2.4541620069444e-07,NA,NA
"725",2.34566907083178e-15,4.32421842333497e-07,9.93940575352886e-10,6.18880695151918e-09,4.32421839987828e-07,NA,NA
"726",8.27936589458452e-16,6.82164682075381e-07,1.07744409373717e-09,8.2121825675715e-09,6.82164681247445e-07,NA,NA
"727",6.21010410911167e-16,4.18057169326858e-07,8.01836870991855e-10,5.98000042073279e-09,4.18057168705847e-07,NA,NA
"728",1.74434947602676e-15,3.42575418699198e-07,7.28052911870777e-10,5.25981163394386e-09,3.42575416954849e-07,NA,NA
"729",1.34717339771861e-15,3.05449418647186e-07,7.31301730879525e-10,4.75269538528574e-09,3.05449417300012e-07,NA,NA
"730",2.57010167339336e-15,2.49325779577703e-07,6.19569182960283e-10,3.86556138834332e-09,2.49325777007601e-07,NA,NA
"731",-1.7964471578598,112.394393920898,17.8160434434521,17.7229884545196,114.190841078758,NA,NA
"732",-1.98866856098175,105.640617370605,18.1125054921486,17.4286642650672,107.629285931587,NA,NA
"733",-2.33922553062439,109.078704833984,18.4462566787577,16.7411401542613,111.417930364609,NA,NA
"734",-4.34044361114502,105.309768676758,18.8781828902862,15.8390929720374,109.650212287903,NA,NA
"735",-3.08577680587769,105.276817321777,19.6233229236046,15.6766447649832,108.362594127655,NA,NA
"736",-4.07147073745728,132.406219482422,19.7835039703381,16.4160797907582,136.477690219879,NA,NA
"737",-3.74046730995178,116.073699951172,20.3061656589304,16.8406722463315,119.814167261124,NA,NA
"738",-3.34585523605347,120.274627685547,18.9413351746675,16.8611144245411,123.6204829216,NA,NA
"739",-3.18920588493347,121.210647583008,18.7066242033898,15.4180332433328,124.399853467941,NA,NA
"740",-2.49930453300476,108.101936340332,18.2611411432813,14.7855754492565,110.601240873337,NA,NA
"741",0,0.229759857058525,0.0147484611853743,0.0241859233795762,0.229759857058525,NA,NA
"742",0,0.254185408353806,0.015458168822902,0.0234727331053863,0.254185408353806,NA,NA
"743",0,0.177783712744713,0.0152837972481144,0.0184602540236486,0.177783712744713,NA,NA
"744",0,0.196259722113609,0.0151788244015228,0.0173109362040064,0.196259722113609,NA,NA
"745",7.56921068045813e-08,0.218483656644821,0.0152962272745854,0.0175987172523512,0.218483580952714,NA,NA
"746",0,0.191413179039955,0.0152651740864241,0.0177069304727775,0.191413179039955,NA,NA
"747",0,0.179519295692444,0.0156469286600483,0.0178714525295088,0.179519295692444,NA,NA
"748",0,0.203104853630066,0.0145859973912866,0.0190937281439405,0.203104853630066,NA,NA
"749",0,0.225394561886787,0.0139523709228021,0.016261041403705,0.225394561886787,NA,NA
"750",0,0.248361080884933,0.0138047626908016,0.0154920481303147,0.248361080884933,NA,NA
"751",-48.8885154724121,772.583557128906,58.5179963083436,82.4699517020903,821.472072601318,NA,NA
"752",-47.6549758911133,1055.80151367188,64.6693905513833,84.7862675946493,1103.45648956299,NA,NA
"753",-43.1872863769531,732.747497558594,65.9253850887755,83.5996193711573,775.934783935547,NA,NA
"754",-78.674072265625,503.888824462891,65.5380038704533,78.2025585185976,582.562896728516,NA,NA
"755",-27.0379047393799,967.086059570312,66.8145175421894,83.0089352853357,994.123964309692,NA,NA
"756",-30.2085418701172,649.086975097656,65.9953526901746,80.3096283949622,679.295516967773,NA,NA
"757",-64.9839782714844,431.131164550781,63.8979517832384,75.4999292686798,496.115142822266,NA,NA
"758",-73.0020141601562,433.618896484375,63.7408092744032,74.0860023628729,506.620910644531,NA,NA
"759",-51.7971801757812,461.816375732422,64.0599364244553,74.1229824099004,513.613555908203,NA,NA
"760",-82.3087844848633,635.652282714844,66.0896639144412,79.1648064081287,717.961067199707,NA,NA
"761",-1.1641326350765e-20,4.33174682257231e-06,2.1178189097862e-08,7.71647590802035e-08,4.33174682257233e-06,NA,NA
"762",-4.01530393350489e-27,2.3180102743936e-06,2.62409005951024e-08,6.03876151410559e-08,2.3180102743936e-06,NA,NA
"763",-3.62438260229026e-26,1.73961484506435e-06,2.76086493817206e-08,5.77495786186858e-08,1.73961484506435e-06,NA,NA
"764",-4.10195418718992e-25,9.04427736259095e-07,2.89331839284916e-08,5.74604410188843e-08,9.04427736259095e-07,NA,NA
"765",-1.09219155479493e-22,1.34535548568238e-06,3.05533344861995e-08,6.46296020617781e-08,1.34535548568238e-06,NA,NA
"766",-1.52711076273815e-24,1.43602869684401e-06,2.75662805885818e-08,5.87736611423077e-08,1.43602869684401e-06,NA,NA
"767",-9.61870486852192e-24,1.15647753773374e-06,2.72503563512212e-08,5.73868614217831e-08,1.15647753773374e-06,NA,NA
"768",-2.19924386280608e-27,2.39471569329908e-06,2.77089029519565e-08,5.93563354312704e-08,2.39471569329908e-06,NA,NA
"769",-7.91662470770194e-26,1.28114675135294e-06,2.73715207144493e-08,5.72532136537782e-08,1.28114675135294e-06,NA,NA
"770",-1.27332160747559e-23,1.12474651814409e-06,2.90560977122753e-08,6.23614502927254e-08,1.12474651814409e-06,NA,NA
"771",2.33454521890116e-20,2.58090970817193e-08,4.98085643281305e-10,1.88258212732724e-09,2.5809097081696e-08,NA,NA
"772",5.45223817132232e-18,4.39230554150072e-08,7.73528838049169e-10,2.84869495802084e-09,4.39230554095549e-08,NA,NA
"773",9.15857186632795e-18,4.30774527160338e-08,7.56513283338189e-10,2.76057423643737e-09,4.30774527068752e-08,NA,NA
"774",3.51655918917769e-17,4.8962387921847e-08,7.67825210591552e-10,2.87303150927863e-09,4.89623878866814e-08,NA,NA
"775",2.58142703991119e-17,4.08126545892173e-08,7.3027484785775e-10,2.7067894424884e-09,4.08126545634031e-08,NA,NA
"776",1.4507689152996e-17,3.92707697471906e-08,7.52745856839251e-10,2.77095110602004e-09,3.92707697326829e-08,NA,NA
"777",1.31455278249131e-17,4.58264217684246e-08,7.7595805791036e-10,2.85316796365873e-09,4.5826421755279e-08,NA,NA
"778",3.06836527090013e-17,5.20425622596576e-08,7.91647198988702e-10,2.9475383546177e-09,5.2042562228974e-08,NA,NA
"779",1.680557207925e-17,5.48109397868757e-08,7.92240955826642e-10,2.95867635576587e-09,5.48109397700701e-08,NA,NA
"780",1.66416331536481e-18,6.43730757587946e-08,7.81894923174818e-10,2.98288661251047e-09,6.43730757571304e-08,NA,NA
"781",7.08252194917398e-23,1.53978454986436e-10,2.4182927827622e-12,8.42559821056537e-12,1.53978454986366e-10,NA,NA
"782",1.05741585241128e-22,2.0363853658889e-10,3.86471071908289e-12,1.20202643881486e-11,2.03638536588785e-10,NA,NA
"783",6.90224766858053e-23,1.67518665605826e-10,3.71341262955053e-12,1.17388534506316e-11,1.67518665605757e-10,NA,NA
"784",6.98062762594584e-23,2.42113856741e-10,3.86446865435576e-12,1.22742057312729e-11,2.4211385674093e-10,NA,NA
"785",6.43490438022225e-23,1.5682548315521e-10,3.79141305001021e-12,1.16732402350404e-11,1.56825483155145e-10,NA,NA
"786",5.72709861746834e-23,1.66702707193878e-10,3.81752706025756e-12,1.21455247381815e-11,1.6670270719382e-10,NA,NA
"787",6.39581537573546e-23,1.774142083244e-10,3.94542134907066e-12,1.26055049688139e-11,1.77414208324336e-10,NA,NA
"788",7.90510381819393e-23,2.2306573255193e-10,3.93294345987657e-12,1.2832056030484e-11,2.23065732551851e-10,NA,NA
"789",7.26099068492756e-23,3.05349107110331e-10,3.70389373956953e-12,1.17646662126667e-11,3.05349107110258e-10,NA,NA
"790",5.9514222599206e-23,1.8593275530332e-10,3.49030496993019e-12,1.02721737061676e-11,1.8593275530326e-10,NA,NA
"791",-36.1134376525879,36.7957344055176,0.722695376592309,8.44392898854188,72.9091720581055,NA,NA
"792",-25.1909084320068,29.0541954040527,0.641474500993498,7.98788443408807,54.2451038360596,NA,NA
"793",-30.9290752410889,27.6090145111084,0.599603105886052,8.16639975475347,58.5380897521973,NA,NA
"794",-38.8264465332031,28.8547592163086,0.899567990430895,8.45899834247981,67.6812057495117,NA,NA
"795",-28.9765739440918,27.1827392578125,1.1532698680557,8.51325169850119,56.1593132019043,NA,NA
"796",-29.4065399169922,32.066967010498,1.21335351390592,8.43288904493721,61.4735069274902,NA,NA
"797",-27.2507972717285,28.4977569580078,1.16321746559946,8.37877035547845,55.7485542297363,NA,NA
"798",-24.5472869873047,28.2424659729004,1.26947737213235,8.54820363632341,52.7897529602051,NA,NA
"799",-20.7062091827393,26.8830032348633,1.56224576521467,8.5309069374812,47.5892124176025,NA,NA
"800",-22.6067981719971,31.8849029541016,1.63180753782507,8.33050771008743,54.4917011260986,NA,NA
"801",-34.5159492492676,47.0627250671387,0.151679125469241,8.70821619098066,81.5786743164062,NA,NA
"802",-29.2035598754883,40.1655426025391,0.124643447862167,8.37609292472901,69.3691024780273,NA,NA
"803",-42.7643127441406,37.0036315917969,0.0652716302508946,8.16464673029001,79.7679443359375,NA,NA
"804",-33.6033363342285,33.5567932128906,-0.0446185738776153,7.63522199368194,67.1601295471191,NA,NA
"805",-28.0351257324219,36.9218635559082,-0.0439658305406689,7.20065396806063,64.9569892883301,NA,NA
"806",-33.3265991210938,29.1191730499268,-0.0204688345787066,7.23543123320214,62.4457721710205,NA,NA
"807",-29.7963485717773,34.6344451904297,0.0847793676125682,7.40256897011611,64.430793762207,NA,NA
"808",-27.4409484863281,29.4231109619141,-0.0288195134431359,7.21423565916432,56.8640594482422,NA,NA
"809",-25.7888774871826,39.231819152832,-0.0428381823323661,6.7787953070689,65.0206966400146,NA,NA
"810",-32.0467262268066,31.308141708374,-0.0550244803292628,6.89859357162336,63.3548679351807,NA,NA
"811",0.0303386729210615,33.1194000244141,7.24987361549652,4.34089891897669,33.089061351493,NA,NA
"812",0.342800199985504,28.147029876709,7.33372570281682,3.98418180284686,27.8042296767235,NA,NA
"813",0.439816117286682,28.7099647521973,7.45205733906456,4.05767253432698,28.2701486349106,NA,NA
"814",0.406360745429993,30.4166011810303,7.49536095648094,4.03570996096522,30.0102404356003,NA,NA
"815",0.523584008216858,30.5730648040771,7.63780709315432,4.16077587936119,30.0494807958603,NA,NA
"816",0.453681409358978,28.2028217315674,7.65133129801554,4.32725188809547,27.7491403222084,NA,NA
"817",0.389392703771591,29.2598552703857,7.53750500281253,4.30948761870566,28.8704625666142,NA,NA
"818",0.429915308952332,30.9378070831299,7.55351132206097,4.27728086146698,30.5078917741776,NA,NA
"819",0.345726609230042,23.4917755126953,7.51120346030371,4.20982312205976,23.1460489034653,NA,NA
"820",0.458970993757248,25.4689540863037,7.4418643074675,4.26403596953519,25.0099830925465,NA,NA
"821",-2.03860664367676,1.01317381858826,-0.00594246537986817,0.122848506810579,3.05178046226501,NA,NA
"822",-1.36646366119385,0.815178751945496,-0.00441328207530376,0.109572987263894,2.18164241313934,NA,NA
"823",-1.66408407688141,1.05992484092712,-0.00381970591266488,0.116660314163104,2.72400891780853,NA,NA
"824",-1.4707510471344,0.995616674423218,-0.0100080207083495,0.11919398053595,2.46636772155762,NA,NA
"825",-1.59439826011658,0.641810297966003,-0.0156767065350488,0.122381622378822,2.23620855808258,NA,NA
"826",-1.52898097038269,0.442568510770798,-0.017853376369965,0.122395335726785,1.97154948115349,NA,NA
"827",-0.914495468139648,0.82538229227066,-0.0143254736386229,0.113248899911981,1.73987776041031,NA,NA
"828",-1.74432981014252,0.455633878707886,-0.0169713296865407,0.11967584485802,2.1999636888504,NA,NA
"829",-0.802215397357941,0.481474667787552,-0.0168744331201788,0.11539379317468,1.28369006514549,NA,NA
"830",-1.00371372699738,0.630999028682709,-0.0196465560617194,0.117549836496506,1.63471275568008,NA,NA
"831",0,1,0.323782818513154,0.393800154330368,1,NA,NA
"832",0,1,0.316751060626442,0.388353444095015,1,NA,NA
"833",0,1,0.311463372909672,0.384617534744819,1,NA,NA
"834",0,1,0.307596599490532,0.384240565931073,1,NA,NA
"835",0,1,0.309093003086838,0.385697369706136,1,NA,NA
"836",0,1,0.309317456822004,0.384803953555041,1,NA,NA
"837",0,1,0.300207694123358,0.379390241901265,1,NA,NA
"838",0,1,0.294346774969443,0.380545433629694,1,NA,NA
"839",0,1,0.292591381353166,0.382240095060453,1,NA,NA
"840",0,1,0.289336224423404,0.37929141538528,1,NA,NA
"841",0,1010.01275634766,188.670651808275,241.511046483957,1010.01275634766,NA,NA
"842",0,975.755920410156,193.093630178002,245.651285808326,975.755920410156,NA,NA
"843",0,1065.337890625,191.666731188574,244.391957671223,1065.337890625,NA,NA
"844",0,987.1181640625,193.052495146423,248.628827657498,987.1181640625,NA,NA
"845",0,1002.38226318359,189.382680622948,240.500101757761,1002.38226318359,NA,NA
"846",0,989.740295410156,194.685926537317,248.077168697958,989.740295410156,NA,NA
"847",0,1069.61999511719,192.405151759145,245.184664758911,1069.61999511719,NA,NA
"848",0,987.014099121094,193.669315644564,247.814718142584,987.014099121094,NA,NA
"849",0,1032.62048339844,189.808032035915,241.140155444005,1032.62048339844,NA,NA
"850",0,996.067077636719,192.291276915421,243.01858505968,996.067077636719,NA,NA
"851",141.205200195312,307.997894287109,235.286761435094,43.4149885276967,166.792694091797,NA,NA
"852",137.396530151367,316.740631103516,234.683971216833,45.1371410990828,179.344100952148,NA,NA
"853",123.416931152344,314.479187011719,234.869725423693,46.458821009242,191.062255859375,NA,NA
"854",109.001510620117,320.095672607422,236.108734872192,46.5481702485167,211.094161987305,NA,NA
"855",106.552513122559,317.099487304688,239.770497127816,44.7508503351543,210.546974182129,NA,NA
"856",100.476875305176,341.078430175781,242.388618092984,47.2970983547066,240.601554870605,NA,NA
"857",98.2692337036133,335.024841308594,243.621445460452,47.8417232409255,236.75560760498,NA,NA
"858",95.7781753540039,339.496673583984,242.501360584464,49.374359103168,243.71849822998,NA,NA
"859",99.5659408569336,325.465209960938,239.727470222723,47.9316669998534,225.899269104004,NA,NA
"860",113.728797912598,309.068725585938,236.862384775447,46.0953526942331,195.33992767334,NA,NA
"861",0,363.496856689453,182.965837866939,132.677919607559,363.496856689453,NA,NA
"862",0,332.119781494141,177.575159024118,119.298015136467,332.119781494141,NA,NA
"863",1.03966093063354,310.008209228516,169.283933278604,109.213555902061,308.968548297882,NA,NA
"864",0,320.280883789062,164.751660836467,109.05628768337,320.280883789062,NA,NA
"865",0,335.589019775391,166.292419695864,116.427248020182,335.589019775391,NA,NA
"866",0,346.3486328125,170.797542133827,120.705975309501,346.3486328125,NA,NA
"867",0,342.082916259766,175.933421018859,115.132833741756,342.082916259766,NA,NA
"868",0,316.858154296875,171.806054761406,103.142002400592,316.858154296875,NA,NA
"869",0.695668041706085,307.421203613281,167.852876291783,102.800059993144,306.725535571575,NA,NA
"870",0,323.919860839844,169.17839805979,113.387429012025,323.919860839844,NA,NA
"871",111.095207214355,721.781066894531,423.29302705714,185.902271615479,610.685859680176,NA,NA
"872",113.858299255371,713.756042480469,421.073838375923,185.447268109277,599.897743225098,NA,NA
"873",86.778678894043,693.694274902344,418.407190631937,183.301400979691,606.915596008301,NA,NA
"874",67.4768142700195,693.077392578125,418.36762807877,178.749239669184,625.600578308105,NA,NA
"875",68.3617935180664,701.879821777344,428.182926922071,171.455651838519,633.518028259277,NA,NA
"876",64.7188949584961,708.39013671875,436.962957879046,171.151787745876,643.671241760254,NA,NA
"877",63.5305595397949,711.30029296875,443.962249806151,170.18309442144,647.769733428955,NA,NA
"878",59.8119201660156,696.015686035156,436.616646068309,170.15701618822,636.203765869141,NA,NA
"879",65.9153289794922,690.100463867188,427.983481168333,171.645425553197,624.185134887695,NA,NA
"880",98.7172698974609,695.967529296875,423.054646958493,174.693249260678,597.250259399414,NA,NA
"881",205.619201660156,300.311614990234,269.472881753412,24.7714500537612,94.6924133300781,NA,NA
"882",207.253952026367,300.455322265625,268.84176142431,26.1275117922834,93.2013702392578,NA,NA
"883",192.575637817383,300.412017822266,268.651437983193,26.872466095384,107.836380004883,NA,NA
"884",188.751556396484,300.826354980469,269.352850725529,26.521874947995,112.074798583984,NA,NA
"885",182.353378295898,301.466217041016,271.289524481528,25.2800188110922,119.112838745117,NA,NA
"886",178.125015258789,303.624359130859,273.343387838039,24.93969289455,125.49934387207,NA,NA
"887",176.468521118164,308.671020507812,274.279731907778,25.1861152988861,132.202499389648,NA,NA
"888",170.536468505859,308.049224853516,273.527781552187,26.0811604459552,137.512756347656,NA,NA
"889",173.181213378906,303.30419921875,271.79015572921,25.9406429928935,130.122985839844,NA,NA
"890",194.802307128906,302.055694580078,269.893525873897,25.653374916935,107.253387451172,NA,NA
"891",0,432.289459228516,185.943040469601,126.165611936835,432.289459228516,NA,NA
"892",0,349.656219482422,168.313247080497,91.8714888536359,349.656219482422,NA,NA
"893",6.42435932159424,332.145874023438,154.475833795637,79.1924537940713,325.721514701843,NA,NA
"894",0,346.874114990234,158.500054643133,85.6385089798401,346.874114990234,NA,NA
"895",0,364.48974609375,170.402741439444,108.020313622322,364.48974609375,NA,NA
"896",0,409.353332519531,169.342316786941,118.059994928794,409.353332519531,NA,NA
"897",0,383.933441162109,158.74823435248,104.987145656263,383.933441162109,NA,NA
"898",0,347.288787841797,148.629583389997,85.5564423634925,347.288787841797,NA,NA
"899",4.16491889953613,322.676910400391,145.486128108654,77.3326096615166,318.511991500854,NA,NA
"900",0,368.460632324219,160.389263793294,82.0753288458136,368.460632324219,NA,NA
"901",0,1,0.540384330300658,0.481368179695846,1,NA,NA
"902",0,1,0.547292511575338,0.483618408907699,1,NA,NA
"903",0,1,0.543817075146654,0.485364680792893,1,NA,NA
"904",0,1,0.534778493274436,0.486117750736389,1,NA,NA
"905",0,1,0.530426318657155,0.483770788565107,1,NA,NA
"906",0,1,0.531198882884301,0.48052541331753,1,NA,NA
"907",0,1,0.536086222929303,0.477794958868287,1,NA,NA
"908",0,1,0.546180228478629,0.472593694889975,1,NA,NA
"909",0,1,0.541921226471663,0.477161037579164,1,NA,NA
"910",0,1,0.534169259344406,0.480748643319522,1,NA,NA
"911",222.856475830078,307.458526611328,275.009744898313,21.5456269114215,84.60205078125,NA,NA
"912",222.431396484375,303.596923828125,273.590093070434,22.0863390413448,81.16552734375,NA,NA
"913",221.758712768555,306.222076416016,273.669173312684,22.015393784259,84.4633636474609,NA,NA
"914",213.55061340332,306.333770751953,273.832686124576,21.8739154484258,92.7831573486328,NA,NA
"915",209.971801757812,303.171142578125,273.775703785596,21.9473998302994,93.1993408203125,NA,NA
"916",210.813537597656,301.801727294922,273.732799163295,22.0153996745161,90.9881896972656,NA,NA
"917",216.450988769531,303.395812988281,273.734198101141,22.0218221620188,86.94482421875,NA,NA
"918",212.107879638672,303.857177734375,273.77789327723,22.0127158947993,91.7492980957031,NA,NA
"919",212.154296875,305.801696777344,273.749447863411,22.0660082443408,93.6473999023438,NA,NA
"920",217.647689819336,303.259582519531,273.743877969958,22.1475016165184,85.6118927001953,NA,NA
"921",5.58986102987546e-05,0.0166636556386948,0.00440853671617512,0.00397569716299065,0.016607757028396,NA,NA
"922",9.40360550885089e-05,0.0160381738096476,0.00444434944446504,0.00392618265580652,0.0159441377545591,NA,NA
"923",0.00012545075151138,0.01609499566257,0.00447601654194619,0.00392403643701784,0.0159695449110586,NA,NA
"924",0.0001250878412975,0.0157682914286852,0.00449256415646854,0.00394103833204534,0.0156432035873877,NA,NA
"925",0.000132748478790745,0.0154637694358826,0.00442873336852888,0.00393657859668365,0.0153310209570918,NA,NA
"926",0.000136269765789621,0.015838373452425,0.00441980684144686,0.00393173738895832,0.0157021036866354,NA,NA
"927",0.000108526437543333,0.0161051731556654,0.00444083669459687,0.00393281739537918,0.0159966467181221,NA,NA
"928",8.81198429851793e-05,0.0161232147365808,0.0044234143131158,0.0039316949588688,0.0160350948935957,NA,NA
"929",0.000152950655319728,0.0161966383457184,0.00441855337371119,0.00394584496442304,0.0160436876903987,NA,NA
"930",9.1613495897036e-05,0.0160818733274937,0.0044558503170971,0.00397278863128781,0.0159902598315966,NA,NA
"931",8225.7626953125,43655.015625,18040.2062469942,6446.18221099005,35429.2529296875,NA,NA
"932",7851.58056640625,37689.41015625,18042.1582683546,6448.38592609386,29837.8295898438,NA,NA
"933",8277.388671875,40114.9375,18030.9381175748,6437.6974153044,31837.548828125,NA,NA
"934",8304.1142578125,41674.125,18038.7066518995,6454.65780910618,33370.0107421875,NA,NA
"935",8479.4453125,40431.265625,18053.6838727704,6475.34385360127,31951.8203125,NA,NA
"936",8267.484375,43946.375,18073.0231591331,6490.32029315549,35678.890625,NA,NA
"937",8187.8916015625,44974.0546875,18069.9714112105,6527.8032724064,36786.1630859375,NA,NA
"938",7785.73046875,44545.28125,18054.7729178181,6571.23740994344,36759.55078125,NA,NA
"939",7890.39697265625,44897.63671875,18023.1711656341,6585.70348825917,37007.2397460938,NA,NA
"940",7797.94384765625,44966.13671875,17993.3762757513,6577.35828751765,37168.1928710938,NA,NA
"941",2.59380412101746,5.18118715286255,4.78934607365496,0.475012484431857,2.58738303184509,NA,NA
"942",2.58760046958923,5.14840602874756,4.78721797044596,0.474487839164914,2.56080555915833,NA,NA
"943",2.63398385047913,5.16796731948853,4.7957935137243,0.474976667325549,2.5339834690094,NA,NA
"944",2.64358830451965,5.16845607757568,4.79365466426006,0.481406854382983,2.52486777305603,NA,NA
"945",2.65034103393555,5.15570116043091,4.79215419470953,0.46893915110958,2.50536012649536,NA,NA
"946",2.65621566772461,5.0848560333252,4.77363203043394,0.473676283107738,2.42864036560059,NA,NA
"947",2.64912056922913,5.10415458679199,4.76295328019101,0.472160121850525,2.45503401756287,NA,NA
"948",2.64355802536011,5.0893030166626,4.75587890165237,0.471986894032311,2.44574499130249,NA,NA
"949",2.63631916046143,5.07653522491455,4.75289079886258,0.479500734168138,2.44021606445312,NA,NA
"950",2.62733554840088,5.0769739151001,4.75633549140939,0.474805637034248,2.44963836669922,NA,NA
"951",184.245254516602,222.92919921875,204.014664766137,9.12629550867177,38.6839447021484,NA,NA
"952",184.598724365234,223.827011108398,204.410721954096,9.64424574007752,39.2282867431641,NA,NA
"953",184.752410888672,219.418731689453,204.368083292963,9.39674282046798,34.6663208007812,NA,NA
"954",187.051422119141,219.98991394043,204.896472338173,9.21125343240819,32.9384918212891,NA,NA
"955",186.988754272461,221.854049682617,204.66850134482,9.33934988527024,34.8652954101562,NA,NA
"956",189.805435180664,222.129898071289,204.520898131033,9.76927303823342,32.324462890625,NA,NA
"957",187.417434692383,223.401092529297,204.18418521986,10.5533471628123,35.9836578369141,NA,NA
"958",183.187545776367,221.846969604492,203.702375087197,11.0347666109514,38.659423828125,NA,NA
"959",184.547943115234,220.789199829102,203.548871308841,9.96006195439163,36.2412567138672,NA,NA
"960",187.029754638672,218.305114746094,203.426773980812,9.04194245649617,31.2753601074219,NA,NA
"961",222.856475830078,307.458526611328,275.009744898313,21.5456269114215,84.60205078125,NA,NA
"962",224.309616088867,307.8291015625,275.378241241806,21.404352977563,83.5194854736328,NA,NA
"963",225.891067504883,309.28857421875,275.433129723977,21.3397511281741,83.3975067138672,NA,NA
"964",222.474563598633,311.242340087891,275.529465903011,21.2655437522386,88.7677764892578,NA,NA
"965",215.431060791016,308.881195068359,275.435066495505,21.3724465765102,93.4501342773438,NA,NA
"966",216.586685180664,306.182647705078,275.460207735775,21.3782493584012,89.5959625244141,NA,NA
"967",221.157287597656,306.562377929688,275.465950319612,21.3958964071032,85.4050903320312,NA,NA
"968",215.093566894531,308.035095214844,275.471496770503,21.4237824867513,92.9415283203125,NA,NA
"969",215.441162109375,309.890655517578,275.451422505081,21.4815801387479,94.4494934082031,NA,NA
"970",219.120956420898,308.572296142578,275.504058750139,21.4659128132652,89.4513397216797,NA,NA
"971",213.922073364258,329.522827148438,276.77887741835,21.8204559337717,115.60075378418,NA,NA
"972",217.499908447266,328.511932373047,276.992191179207,22.524623562623,111.012023925781,NA,NA
"973",215.626083374023,320.269866943359,276.498209135676,22.4532642107877,104.643783569336,NA,NA
"974",216.067993164062,317.271453857422,275.986779443368,22.3507462229232,101.203460693359,NA,NA
"975",219.542999267578,330.710296630859,276.56427847594,22.1023735347141,111.167297363281,NA,NA
"976",217.430526733398,326.378234863281,276.871971251236,22.6583000348358,108.947708129883,NA,NA
"977",214.748504638672,322.083618164062,276.470373142373,22.5037173246716,107.335113525391,NA,NA
"978",213.828811645508,316.798583984375,276.033027561726,22.2844220275385,102.969772338867,NA,NA
"979",217.971862792969,330.879852294922,276.633675448872,22.0146005101395,112.907989501953,NA,NA
"980",216.992553710938,325.713500976562,277.016956541825,22.5224455802688,108.720947265625,NA,NA
