Unnamed: 0,tri_min,tri_max,tri_mean,tri_sd,tri_range
1,6.651844445699559e-11,0.0054145670419089,1.63201505354597e-05,0.0001123910597656,0.0054145669753905
2,4.9702974510884e-11,0.0071855827115441,1.92501613278196e-05,0.0001301491656914,0.0071855826618411
3,1.7748139363270598e-11,0.0089047156712196,2.55400236898909e-05,0.0001669762939259,0.0089047156534715
4,2.49780146695416e-11,0.0072500954322526,3.74303775853034e-05,0.0002093873193082,0.0072500954072746
5,3.7667587176610797e-11,0.0131486804999749,3.3304487668596e-05,0.0002290426416637,0.0131486804623073
6,4.2208452649453795e-11,0.0257767043490604,4.82799069662909e-05,0.0003773578175333,0.0257767043068519
7,2.6054390565442298e-11,0.0143154408853295,3.8906724434858e-05,0.0002806364785612,0.0143154408592751
8,5.97933077340377e-11,0.0130039010725842,3.48254357667292e-05,0.0002516762334157,0.0130039010127909
9,5.56254978028854e-11,0.0118999718302795,2.79368377083063e-05,0.0001965672279328,0.011899971774654
10,7.640277843577029e-11,0.0090121374621182,1.83291757378492e-05,0.0001314219275334,0.0090121373857154
11,4.23722385608752e-07,0.662829035392621,0.0839043703811235,0.0527938628499839,0.662828611670236
12,3.0733774093938104e-09,0.603688012321703,0.0862387583826105,0.0571117095787551,0.603688009248325
13,8.28276692955463e-07,0.688313009748309,0.0850591108428898,0.0532291790176545,0.688312181471616
14,0.0047173872353881,0.571741051845461,0.0875385355359395,0.0547635980995377,0.567023664610073
15,0.0030990611814998,0.570000167630597,0.08783256425775,0.0547274406746253,0.566901106449097
16,0.0,0.500310866072399,0.0852750812107404,0.0520736588472645,0.500310866072399
17,0.0,0.530433788264052,0.0831573433893296,0.0545370611827725,0.530433788264052
18,0.0,0.626610818517907,0.0817786283807544,0.0559633545295168,0.626610818517907
19,4.9247689197035e-07,0.560822543213379,0.0835237603958739,0.0568275371751274,0.560822050736487
20,0.001960748908883,0.67237387169571,0.0829225018678873,0.0560001480858942,0.670413122786827
21,0.0,56517.5647778164,1917.92758047365,4133.30048894407,56517.5647778164
22,0.0,56517.5647778164,1917.92758047365,4133.30048894407,56517.5647778164
23,0.0,56517.5647778164,1917.92758047365,4133.30048894407,56517.5647778164
24,0.0,56517.5647778164,1917.92758047365,4133.30048894407,56517.5647778164
25,0.0,56517.5647778164,1917.92758047365,4133.30048894407,56517.5647778164
26,0.0,56517.5647778164,1917.92758047365,4133.30048894407,56517.5647778164
27,0.0,56517.5647778164,1917.92758047365,4133.30048894407,56517.5647778164
28,0.0,56517.5647778164,1917.92758047365,4133.30048894407,56517.5647778164
29,0.0,56517.5647778164,1917.92758047365,4133.30048894407,56517.5647778164
30,0.0,56517.5647778164,1917.92758047365,4133.30048894407,56517.5647778164
31,6.943475004484019e-16,3.61144993544123e-08,2.59586289531413e-10,1.38236849599591e-09,3.61144986600648e-08
32,9.28846562006561e-16,8.08758730349149e-08,2.51080706036628e-10,1.6721107861510801e-09,8.08758721060683e-08
33,1.3828596682032802e-15,7.71508410886644e-08,2.61988987241262e-10,1.7175426398409402e-09,7.71508397058048e-08
34,1.6424302325254902e-15,3.58726172082911e-08,2.0954493542433202e-10,9.7199109374435e-10,3.58726155658609e-08
35,6.985404220223701e-16,4.86390642679581e-08,2.46579288062998e-10,1.0905988412315102e-09,4.86390635694176e-08
36,3.8314120893012197e-16,5.63335278399265e-08,2.4589766284157103e-10,1.24236959290588e-09,5.63335274567852e-08
37,2.92208859215044e-16,4.26068420556468e-08,2.89405129792408e-10,1.1747816171296501e-09,4.26068417634379e-08
38,1.3387505325626202e-15,1.37086649193692e-07,4.0206405626931e-10,1.9965681048055303e-09,1.37086647854942e-07
39,1.0398325181645502e-15,2.35778717450886e-07,3.9322701084380603e-10,2.9467335718708404e-09,2.35778716411054e-07
40,8.58971295773721e-16,2.0480761356959e-07,3.25648446149318e-10,2.9041564584507e-09,2.04807612710618e-07
41,0.0,3.80765991064996e-07,9.69271618712813e-09,1.99654282286113e-08,3.80765991064996e-07
42,0.0,3.39660224066556e-07,9.565423339177551e-09,1.79965981600896e-08,3.39660224066556e-07
43,0.0,3.55093267787616e-07,9.26653317444105e-09,1.68252302652646e-08,3.55093267787616e-07
44,0.0,3.60698532037226e-07,9.805652712241261e-09,1.75274839830467e-08,3.60698532037226e-07
45,0.0,5.13927156244418e-07,1.07813076226871e-08,1.99481608828189e-08,5.13927156244418e-07
46,0.0,5.42349500065738e-07,1.00646821127832e-08,1.93388043738369e-08,5.42349500065738e-07
47,0.0,3.14750818194467e-07,1.04593115371159e-08,1.96668273460297e-08,3.14750818194467e-07
48,0.0,3.03182031121055e-07,9.87088388514676e-09,1.97186954183098e-08,3.03182031121055e-07
49,0.0,3.73300547061046e-07,9.6085282374131e-09,1.85870156113744e-08,3.73300547061046e-07
50,0.0,2.58060166844801e-07,9.31804730189729e-09,1.74658093052355e-08,2.58060166844801e-07
51,0.0,3.3944043277825e-07,3.4639034180634e-09,1.08391393784169e-08,3.3944043277825e-07
52,0.0,2.47668350694957e-07,3.220183621409e-09,8.66294251565355e-09,2.47668350694957e-07
53,0.0,2.66158816914108e-07,3.3720351075228002e-09,8.530519937908651e-09,2.66158816914108e-07
54,8.39918632123554e-29,6.42137007341476e-07,3.33176274324936e-09,8.85463050259489e-09,6.42137007341476e-07
55,0.0,3.82971875916567e-07,3.0425664242040602e-09,7.50983020521377e-09,3.82971875916567e-07
56,0.0,2.54273892029197e-07,2.44475395327972e-09,6.09546651158468e-09,2.54273892029197e-07
57,0.0,2.49777730420622e-07,2.25411117323557e-09,5.96761279547442e-09,2.49777730420622e-07
58,0.0,1.46117571147036e-07,2.34639996381912e-09,5.857727312352641e-09,1.46117571147036e-07
59,0.0,1.82864713621707e-07,2.85094764393275e-09,6.526937466000261e-09,1.82864713621707e-07
60,0.0,2.91889454252293e-07,3.2171516300354503e-09,7.23800140347488e-09,2.91889454252293e-07
61,0.0,1.49635957454373e-06,4.49648097851291e-09,2.55229621009289e-08,1.49635957454373e-06
62,0.0,1.48706945374361e-06,4.54089439425331e-09,2.55342285991257e-08,1.48706945374361e-06
63,0.0,1.41266410432445e-06,4.400621820468541e-09,2.44231069028474e-08,1.41266410432445e-06
64,0.0,1.30266648430841e-06,4.1469509366701605e-09,2.26240952691445e-08,1.30266648430841e-06
65,0.0,1.28975376285426e-06,4.01410456557524e-09,2.19732906064481e-08,1.28975376285426e-06
66,0.0,1.36069800050607e-06,4.1209269622138305e-09,2.28200023331756e-08,1.36069800050607e-06
67,0.0,1.3919757568781e-06,4.097818133650651e-09,2.30125090654842e-08,1.3919757568781e-06
68,0.0,1.40681881103354e-06,4.11885840711956e-09,2.32162136805866e-08,1.40681881103354e-06
69,0.0,1.32792875928847e-06,4.1150507123082105e-09,2.25973165830237e-08,1.32792875928847e-06
70,0.0,1.29067461885011e-06,4.17243667178011e-09,2.25681302497462e-08,1.29067461885011e-06
71,0.0,4.45837407257138e-07,9.64175086366197e-09,2.58325715934517e-08,4.45837407257138e-07
72,0.0,5.09865753313921e-07,9.00576083476578e-09,2.43167189051871e-08,5.09865753313921e-07
73,0.0,4.6569939302727e-07,9.360959135846961e-09,2.6104155914962e-08,4.6569939302727e-07
74,0.0,4.52406856508934e-07,1.12765090756303e-08,3.0209098849003e-08,4.52406856508934e-07
75,0.0,6.17952362525843e-07,1.32036820055411e-08,3.44109179689424e-08,6.17952362525843e-07
76,0.0,5.11654216650239e-07,1.31938201263365e-08,3.44687837374733e-08,5.11654216650239e-07
77,0.0,6.53707651476352e-07,1.25829108193663e-08,3.35536817645418e-08,6.53707651476352e-07
78,0.0,5.25790171570348e-07,1.06403806917388e-08,2.93559730357878e-08,5.25790171570348e-07
79,0.0,3.77520500768473e-07,9.4065973809977e-09,2.50517786421133e-08,3.77520500768473e-07
80,0.0,3.86884845055303e-07,1.01502044406998e-08,2.68821444319318e-08,3.86884845055303e-07
81,0.0,5.41443639416474e-08,1.1266118582315901e-09,2.2123498247256404e-09,5.41443639416474e-08
82,0.0,3.85580839505161e-08,1.0946449429513802e-09,2.1513491673411903e-09,3.85580839505161e-08
83,0.0,3.73750486576204e-08,9.38506039911933e-10,1.7687525710907e-09,3.73750486576204e-08
84,0.0,3.74323054553206e-08,7.49962620556406e-10,1.40598165343531e-09,3.74323054553206e-08
85,0.0,1.77128740621457e-08,6.96336367175472e-10,1.3057888204665202e-09,1.77128740621457e-08
86,0.0,1.64626805238387e-08,7.65313455631452e-10,1.32477409084235e-09,1.64626805238387e-08
87,0.0,1.68652087643211e-08,8.29748471874332e-10,1.38581559994654e-09,1.68652087643211e-08
88,0.0,3.36278725590471e-08,9.1781682279795e-10,1.5023619571299401e-09,3.36278725590471e-08
89,0.0,2.32956636008025e-08,9.3974117893388e-10,1.5458531672850202e-09,2.32956636008025e-08
90,0.0,2.03455182043154e-08,9.25271991190671e-10,1.8249642274032901e-09,2.03455182043154e-08
91,7.613334364330511e-15,5.748154459564341e-10,5.4763352623090196e-12,1.5176158939497098e-11,5.74807832622069e-10
92,2.45643754792283e-15,4.90349523777908e-10,5.28698394989996e-12,1.2586822621326899e-11,4.9034706734036e-10
93,7.571296525988651e-15,4.921609876580181e-10,4.8918635098516194e-12,1.2574285753651299e-11,4.92153416361492e-10
94,4.23431580629874e-15,7.52306730485625e-10,4.82022631757487e-12,1.4311148940870002e-11,7.52302496169819e-10
95,2.79105781290766e-15,6.04295167219909e-10,4.64675693752297e-12,1.4817787511911597e-11,6.04292376162096e-10
96,5.267505986838541e-15,3.60924633979011e-10,3.99668616953056e-12,1.2509611811421798e-11,3.60919366473024e-10
97,2.46404069567782e-15,7.86094724850434e-10,4.01851092206914e-12,1.4696794798637e-11,7.860922608097391e-10
98,4.9415114386673606e-15,7.26575207680199e-10,3.9458278449297e-12,1.57448538276845e-11,7.26570266168761e-10
99,3.1177820890494e-15,1.0575756454471301e-09,4.17022304795598e-12,1.80408589555858e-11,1.0575725276650401e-09
100,1.4200726816250802e-15,4.53223581226168e-10,4.3903375226815095e-12,1.49588532618046e-11,4.53222161153487e-10
101,2.8900267672208703e-21,9.742472616786801e-11,1.7148521008840599e-12,4.6397047238576995e-12,9.742472616497789e-11
102,5.57802843372825e-22,6.736342198858939e-11,1.67383994314048e-12,4.09256553019583e-12,6.73634219880316e-11
103,1.57626095797299e-21,5.845755970810789e-11,1.66915275722253e-12,3.9492032971962e-12,5.84575597065316e-11
104,2.84819818878596e-21,9.329762835102869e-11,1.6858014221918e-12,3.96166485882643e-12,9.329762834818049e-11
105,7.564904423391769e-22,2.08138183340139e-10,1.6429606622606498e-12,4.73109933056953e-12,2.08138183339383e-10
106,3.51486374791734e-21,1.31807316168292e-10,1.5414047441670099e-12,4.09522165585493e-12,1.31807316164777e-10
107,8.24917971967549e-21,8.396919783992359e-11,1.4547836620225499e-12,4.0517619088596294e-12,8.396919783167439e-11
108,2.05685400027519e-21,1.16894704167626e-10,1.31976199176334e-12,3.9046552079435e-12,1.16894704165569e-10
109,6.93722415628571e-21,7.60196793170291e-11,1.21993033534576e-12,3.63992145892023e-12,7.601967931009179e-11
110,6.29033645733438e-21,8.713274789231569e-11,1.3383786454274999e-12,3.91151606991467e-12,8.713274788602539e-11
111,0.0,262.630579977146,14.6973824350536,18.3068677228954,262.630579977146
112,0.0,205.266061820318,14.6266128967249,16.1340536106047,205.266061820318
113,0.0138736441815618,183.971009211435,13.8865233242187,14.2553271364238,183.957135567254
114,0.0,293.207477066032,14.4923988452914,15.684223883435,293.207477066032
115,0.0,286.708648053273,15.2411389511823,18.1039275244129,286.708648053273
116,0.0,297.317741519362,15.9254247617999,19.2919970697286,297.317741519362
117,0.0,228.226289727658,16.388145640668,18.415996336028,228.226289727658
118,0.0,246.471541741555,16.1384282323001,17.9146117739611,246.471541741555
119,3.64003141864466e-12,226.029705671118,14.9707565359814,16.4137378934575,226.029705671115
120,0.0,242.667893278699,14.3312767224687,16.3699930834,242.667893278699
121,0.0005497425371236,0.542489738999639,0.0323584149855727,0.0310296732324241,0.541939996462515
122,0.0008421523546081,0.454590752623563,0.0300955204408818,0.0259120091091234,0.453748600268954
123,0.000934682669525,0.396524755646961,0.0327288842546749,0.0283920252383113,0.395590072977436
124,0.0004692894028405,0.752675831608633,0.0314858137555179,0.0381630712988565,0.752206542205792
125,0.0005576941425483,0.680902044040057,0.0304860423601693,0.0339330433064225,0.680344349897509
126,0.000393152424163,0.796548869949934,0.0321702625338486,0.0376510692476763,0.796155717525771
127,0.0006878134503805,0.464930651004166,0.0312460625693159,0.0311985180760098,0.464242837553785
128,0.0005505872225922,0.757344688975401,0.0348459427247771,0.0404075931439174,0.756794101752809
129,0.0010436025079303,0.501845919773358,0.0311900847574375,0.0315253557478703,0.500802317265428
130,0.0008129578441744,0.49202604542191,0.0321373388027786,0.030773931990638,0.491213087577736
131,0.0003863814990449,0.534590172513037,0.0254056928934312,0.029414978292147,0.534203791013992
132,0.0001954122756619,0.592341263278161,0.0241572441084634,0.0248662831229504,0.592145851002499
133,0.000317944604725,0.43785294815193,0.0251618238366011,0.0272374288115645,0.437535003547205
134,0.0005342546819202,0.591741774345231,0.0261709518301697,0.0356575934992956,0.591207519663311
135,0.0005018307777402,0.50798041509659,0.0243539855078408,0.0298903779566147,0.507478584318849
136,0.0006934943245275,0.65519935058533,0.027147704221391,0.0349912207935393,0.654505856260803
137,0.0004167035663827,0.518531379378799,0.0264656287166475,0.0311530284381627,0.518114675812417
138,0.0005265542195722,0.711465083114279,0.0283892417231744,0.0395069146060354,0.710938528894707
139,0.000282326056471,0.518541453961051,0.0252954167837386,0.0298516059060026,0.51825912790458
140,0.0006360159556776,0.550662546085843,0.024801079503718,0.0255439671483929,0.550026530130166
141,0.0,0.544727203606011,0.0182898706608297,0.0352225651224167,0.544727203606011
142,0.0,0.466603903303527,0.0175026976576229,0.0322168844229489,0.466603903303527
143,1.36339437753969e-21,0.473211927350499,0.0171799683707706,0.0314350413574387,0.473211927350499
144,1.78263448765043e-21,0.542260294605765,0.0188863234998053,0.0333405442166205,0.542260294605765
145,3.33462384205064e-21,0.550406406435596,0.0193352809255455,0.0343700224941052,0.550406406435596
146,0.0,0.76709053309048,0.0217506210191741,0.03661262368679,0.76709053309048
147,3.2936419669155002e-25,0.689982181323652,0.024577013382353,0.0395359905788047,0.689982181323652
148,0.0,0.655590061080336,0.0254818473539551,0.0422335255893333,0.655590061080336
149,1.43257818315476e-25,0.698388853915551,0.0229274765894944,0.0399487714922241,0.698388853915551
150,1.3795373281376501e-21,0.888753897993114,0.0207234444584274,0.0396739050873148,0.888753897993114
151,0.0088699158766861,6.93228690956038,0.664253823331814,0.525771612194197,6.92341699368369
152,0.0,6.93674127396863,0.641259075744095,0.510267659696989,6.93674127396863
153,0.0,6.3740727768605,0.690063425642251,0.551167172614161,6.3740727768605
154,0.0,6.65828868853894,0.69447003600529,0.56938669764971,6.65828868853894
155,0.0,7.95355159620025,0.696198152214672,0.593385269772664,7.95355159620025
156,0.0,7.14262952031953,0.672722121290632,0.580571439481199,7.14262952031953
157,0.0020915019154547,7.64711625570207,0.686746026494898,0.574798839964102,7.64502475378661
158,0.0,7.86594322373177,0.68360476123784,0.576524417109336,7.86594322373177
159,0.0020981193029418,6.80200759494136,0.692079403195189,0.556208249909999,6.79990947563841
160,0.0,6.45738041673436,0.700505330565095,0.563794188953628,6.45738041673436
161,0.0,1.86008464874175,0.125938563147523,0.121581533619482,1.86008464874175
162,0.0,1.77129399047838,0.121619981873265,0.115059759422521,1.77129399047838
163,0.0,1.75274354253427,0.120807696657353,0.113397310676933,1.75274354253427
164,0.0,1.82795191675739,0.120991519796411,0.117214685564779,1.82795191675739
165,0.0,1.78696209107048,0.121828813250111,0.110824113196356,1.78696209107048
166,0.0,1.97367469214648,0.124620334642353,0.124619671528822,1.97367469214648
167,0.0,1.97566361697579,0.124867634807426,0.132797424781753,1.97566361697579
168,0.0,2.10022940427658,0.123726330842109,0.129800250208671,2.10022940427658
169,0.0,1.90462304447066,0.120342895259475,0.124534628332421,1.90462304447066
170,0.0,1.96935392345893,0.118543112738253,0.115306099143703,1.96935392345893
171,0.0103691527423511,46.4919094262306,2.97610364536647,3.5056975161578,46.4815402734883
172,0.0429937874934558,48.7377532671545,2.95729594818459,3.50930289091731,48.6947594796611
173,0.0257171578349,43.0405441635747,3.00996615183741,3.56980236896368,43.0148270057398
174,0.0321714623782806,43.0375116594663,3.0377204250837,3.70215982212707,43.005340197088
175,0.0309085068529582,42.9001292878412,2.90263685891502,3.53249234911331,42.8692207809882
176,0.0030514526214584,46.0331852855633,2.95149564575097,3.64849657713684,46.0301338329419
177,0.0129597342992114,35.7011359006587,2.91690531194061,3.55734395224492,35.6881761663595
178,0.0262763968079193,46.6963981377532,2.9104006166711,3.58227652561929,46.6701217409453
179,0.0281812608457855,38.2662079412035,2.85313470276683,3.34374431190759,38.2380266803577
180,0.0372944033762251,35.6088938584584,2.96831838224514,3.32844901300425,35.5715994550822
181,2.36649199434103e-19,1.15316261011899e-08,8.65240624076246e-11,4.0364609315581703e-10,1.15316261009532e-08
182,3.35426932716471e-17,1.49794224669672e-08,1.111617367641e-10,4.91468840341185e-10,1.49794224334245e-08
183,5.45949604669654e-17,1.65721150311739e-08,1.19181775889794e-10,5.45462880339091e-10,1.65721149765789e-08
184,3.21256023118579e-17,1.83019100067499e-08,1.18784307175751e-10,5.65441220033699e-10,1.83019099746243e-08
185,5.1030402129657e-17,2.22171968768483e-08,1.11935325780437e-10,5.52785975236032e-10,2.22171968258179e-08
186,4.4424599833653604e-17,1.71422769838974e-08,1.02366626047265e-10,4.667786863721091e-10,1.71422769394728e-08
187,1.07373865805668e-16,1.38685255484055e-08,1.10034096289712e-10,4.88210041707541e-10,1.38685254410316e-08
188,2.23523844316739e-16,1.55104836214183e-08,1.12860252889276e-10,5.12800005702788e-10,1.55104833978944e-08
189,6.18658928287819e-17,1.42079562208277e-08,1.11756082070227e-10,5.09863849150852e-10,1.42079561589618e-08
190,9.08149282059893e-18,1.75988406597837e-08,1.1300847281380901e-10,5.32783074397881e-10,1.75988406507022e-08
191,1.82639135864258e-18,2.22135333610618e-07,9.8094598669205e-10,6.343379053509761e-09,2.22135333608792e-07
192,2.6124191863479197e-16,3.42523603640083e-06,2.0758518555955e-09,3.05943005686353e-08,3.42523603613959e-06
193,4.31193229617252e-16,1.92358891952821e-06,1.87721024243771e-09,2.21955720044089e-08,1.92358891909702e-06
194,2.55640159696088e-16,1.03350622631182e-06,1.52030029642963e-09,1.26018956834543e-08,1.03350622605618e-06
195,2.74270990533058e-16,2.55196024655985e-06,1.69679716501428e-09,2.18139330095358e-08,2.55196024628557e-06
196,3.45642137734601e-16,1.18893974415694e-06,1.47460763103047e-09,1.53834948896753e-08,1.18893974381129e-06
197,2.41168217783137e-16,8.99355607506021e-07,1.39287694862977e-09,1.29616578604344e-08,8.99355607264853e-07
198,2.1612434928291e-16,3.4257282841303e-06,1.79255787815948e-09,2.85398949619713e-08,3.42572828391417e-06
199,2.09316057885099e-16,7.84814477840512e-06,2.7739055005245403e-09,6.35756051936516e-08,7.8481447781958e-06
200,7.347597362873481e-17,1.05090100805601e-06,1.5332723879084502e-09,1.2423109500273e-08,1.05090100798254e-06
201,0.48292498018276,270.60800274894,37.88421634104,31.1385431320601,270.125077768757
202,0.188759878895932,267.653935502649,22.4737728736367,18.4847852315302,267.465175623754
203,0.547201906571609,300.033348300009,22.4669301532821,18.3966060061662,299.486146393437
204,0.392000429946481,310.399204600682,22.7562797622276,18.347009493524,310.007204170736
205,0.386087086842716,272.154485168111,22.9222475020219,18.8246203019929,271.768398081269
206,0.391308392905203,215.421075251003,22.6082144116394,18.3885116703098,215.029766858098
207,0.623178828910178,250.412880264806,22.5753439591623,18.356532556924,249.789701435895
208,0.629144616719464,287.071684709037,22.6281969714194,18.4204936082702,286.442540092317
209,0.243947395061412,287.230631146047,22.6546354456383,18.1087489931706,286.986683750986
210,0.394645634852011,242.236935151943,23.1315916398176,18.1987301395365,241.842289517091
211,1.7310224485967798e-18,3.94755511348363e-08,4.11577424131162e-10,1.86562004735476e-09,3.94755511331053e-08
212,2.53978646266878e-16,4.98890946617701e-08,5.11877246929578e-10,2.18647041977324e-09,4.98890944077914e-08
213,4.11818547340479e-16,6.08497025055382e-08,5.55504750926454e-10,2.4782708076252704e-09,6.08497020937197e-08
214,2.63516217146558e-16,6.35687193456376e-08,5.62641020972158e-10,2.5511030056157603e-09,6.35687190821214e-08
215,3.84888849897757e-16,6.4771359086599e-08,5.43091414276611e-10,2.6492950409707504e-09,6.47713587017102e-08
216,3.262530806654e-16,8.59192467186665e-08,5.21791213355373e-10,2.6778468329425403e-09,8.59192463924134e-08
217,3.65271801807835e-16,9.20406854729351e-08,5.39675861633041e-10,2.71386459045158e-09,9.20406851076633e-08
218,7.57709411893663e-16,8.69554511400728e-08,5.38881470974324e-10,2.6515008841728e-09,8.69554503823634e-08
219,3.92341133798449e-16,7.79613492637072e-08,5.368121822473831e-10,2.7655826129353304e-09,7.7961348871366e-08
220,7.06074532925571e-17,9.60372814886727e-08,5.44827487869864e-10,2.9176754539436402e-09,9.60372814180652e-08
221,0.0,5.95252596920191e-06,3.22813990706076e-08,1.32465739179507e-07,5.95252596920191e-06
222,0.0,2.74385771523652e-06,1.91547163855291e-08,6.75437668044148e-08,2.74385771523652e-06
223,0.0,2.43574551861202e-06,1.8552574246807e-08,5.52493607245338e-08,2.43574551861202e-06
224,0.0,6.97460811822745e-07,1.96215145193508e-08,4.73319485836937e-08,6.97460811822745e-07
225,0.0,1.30744981330827e-06,2.08632717480081e-08,5.46973987353129e-08,1.30744981330827e-06
226,0.0,1.7035303475202e-06,1.85086391901719e-08,5.19562819169108e-08,1.7035303475202e-06
227,0.0,1.06213189029191e-06,1.84271769011657e-08,4.67945297062107e-08,1.06213189029191e-06
228,0.0,2.5741503232156e-06,1.85546830357226e-08,5.4753185901028e-08,2.5741503232156e-06
229,0.0,9.29137769875214e-07,1.8296132084455e-08,4.46983285142555e-08,9.29137769875214e-07
230,0.0,9.9771507381281e-07,2.07398035942279e-08,5.49810157384056e-08,9.9771507381281e-07
231,0.0,1.58090282937667e-07,1.0380960836679901e-10,1.97046958304535e-09,1.58090282937667e-07
232,0.0,6.76020932443011e-08,1.15651521061123e-10,1.2698518987259602e-09,6.76020932443011e-08
233,0.0,1.52063886711409e-07,2.02727957455722e-10,2.9802087801573504e-09,1.52063886711409e-07
234,0.0,1.63473905664039e-07,2.8071798783093203e-10,3.2658997700550204e-09,1.63473905664039e-07
235,0.0,1.14230442180743e-07,2.03914735530722e-10,2.56098560259703e-09,1.14230442180743e-07
236,0.0,1.02145129691895e-07,1.27931444536809e-10,1.57922565178644e-09,1.02145129691895e-07
237,0.0,1.50517549313383e-07,1.49496428122973e-10,1.9575715278887703e-09,1.50517549313383e-07
238,0.0,9.71849754408302e-08,1.85851144308795e-10,2.01848428093708e-09,9.71849754408302e-08
239,0.0,8.03239818253652e-08,2.53420690686871e-10,2.5084411838342902e-09,8.03239818253652e-08
240,0.0,1.85642595829062e-07,3.23862359237439e-10,3.18422211167491e-09,1.85642595829062e-07
241,0.0,1.12833617522646e-06,7.52512741601038e-09,3.4404844410399e-08,1.12833617522646e-06
242,0.0,7.52240326279066e-07,5.217849185647721e-09,1.93957541159153e-08,7.52240326279066e-07
243,0.0,8.27551971288776e-07,6.51594292983772e-09,2.61208892524522e-08,8.27551971288776e-07
244,0.0,1.07985126889627e-06,7.349714901149771e-09,3.02754241000711e-08,1.07985126889627e-06
245,0.0,9.02236178956741e-07,7.56398831842274e-09,2.95871275649873e-08,9.02236178956741e-07
246,0.0,5.89544279130325e-07,6.51426462036206e-09,2.18197694131201e-08,5.89544279130325e-07
247,0.0,5.35525415182943e-07,5.78825535037447e-09,1.97154728645156e-08,5.35525415182943e-07
248,0.0,5.41251234893534e-07,6.48754133911113e-09,2.32328323880726e-08,5.41251234893534e-07
249,0.0,6.17319373318803e-07,6.21569329954958e-09,1.9377088344744e-08,6.17319373318803e-07
250,0.0,7.15986163567276e-07,6.234785997356291e-09,1.96010007316817e-08,7.15986163567276e-07
251,1.8520686359906503e-15,1.66758253267981e-08,4.15237291060733e-10,8.04821919136477e-10,1.66758234747295e-08
252,2.63885774798149e-13,2.13689228833171e-08,4.96849401261048e-10,9.16650105583437e-10,2.13686589975423e-08
253,6.29831767294798e-13,2.0029915689505e-08,5.19464807440607e-10,9.3615452190505e-10,2.00292858577377e-08
254,4.96637035326659e-13,2.34988916719559e-08,5.14993055598733e-10,9.360448737222102e-10,2.34983950349206e-08
255,4.29394915350184e-13,2.13783826039989e-08,5.09690233944584e-10,9.88646156463293e-10,2.13779532090835e-08
256,8.12781565813316e-14,2.61948980537673e-08,5.154202519649361e-10,1.0220209441741902e-09,2.61948167756107e-08
257,2.0463321411296299e-13,1.61064952572973e-08,5.15074695056851e-10,9.82781571756445e-10,1.61062906240832e-08
258,7.6007382334658e-14,2.30499469147666e-08,5.20446032960188e-10,9.70677274225253e-10,2.30498709073843e-08
259,2.8096382136888e-14,4.22702024404379e-08,5.39780169098872e-10,1.13950908738161e-09,4.22701743440558e-08
260,5.3088707211370405e-14,3.67372983792273e-08,5.4771610276185e-10,1.2024745441171102e-09,3.67372452905201e-08
261,1.20733957340802e-15,6.59452992008025e-10,1.2733474462433499e-11,2.6663796377134397e-11,6.59451784668452e-10
262,8.55116963826554e-15,6.71830900188997e-10,1.62928762656307e-11,3.2657428566559e-11,6.71822349019359e-10
263,1.7436496866168702e-14,1.6084666924016201e-09,1.74084846630248e-11,3.8445030190420196e-11,1.6084492559047502e-09
264,1.09465989365499e-14,1.5388849666562202e-09,1.70784875736959e-11,3.8670578478952294e-11,1.5388740200572901e-09
265,7.542095117821351e-15,8.488894769223901e-10,1.6311453739341497e-11,3.25653994572739e-11,8.48881934827272e-10
266,3.722144540655581e-15,1.2695536160047501e-09,1.67644921043309e-11,3.5933095939405494e-11,1.2695498938602101e-09
267,2.82191675516056e-15,1.11509575789962e-09,1.6432946873587002e-11,3.55626832818164e-11,1.11509293598286e-09
268,2.3367621967677404e-15,7.94132910420309e-10,1.58671548317562e-11,3.2974086742153797e-11,7.94130573658112e-10
269,1.12269096128248e-15,8.3545594190281e-10,1.6174877622694597e-11,3.4071010988991196e-11,8.35454819211849e-10
270,1.89032591965516e-15,1.33804536786428e-09,1.67020510932408e-11,3.69978080163594e-11,1.3380434775383602e-09
271,0.121481913770398,30.6377628724066,5.99066479511077,4.02379719798422,30.5162809586362
272,0.0886132962532954,24.5297161680765,5.44325090975606,3.63728428334651,24.4411028718232
273,0.0813774959949157,28.6447032953619,5.45561694176863,3.57781455935214,28.5633257993669
274,0.138165932065391,25.8733953641844,5.68041572531693,3.6933515830291,25.735229432119
275,0.0862288279411787,40.4940612539754,5.8038970957799,3.92928922027345,40.4078324260342
276,0.0841714688784951,32.236718699856,5.83474831903758,3.93715769851451,32.1525472309776
277,0.101352348541095,29.3209331375461,5.742073731259,3.88758207923249,29.219580789005
278,0.0684900545281426,39.9453278436968,5.75140565030374,4.03612784659754,39.8768377891687
279,0.0806997475672164,28.0721692037544,5.76989794537128,4.01393533232541,27.9914694561872
280,0.103113105263862,28.9294040383976,5.61432901016858,3.88528255269681,28.8262909331337
281,0.130615530339187,41.7591751138622,4.55532975419672,3.36796316640493,41.628559583523
282,0.0982556181195512,36.1662589048172,3.918446206415,2.77491496832845,36.0680032866976
283,0.143648970656467,31.1387318030815,3.82088078535573,2.64080431477477,30.995082832425
284,0.103724471779259,24.4751879887484,4.10502175472661,2.78391836353171,24.3714635169692
285,0.135901290694503,30.4513084918583,4.26022995507314,2.94003517017964,30.3154072011638
286,0.0821510870501821,33.1109935454161,4.22440433914661,2.88077897272107,33.028842458366
287,0.086115050093642,32.4930987881211,4.01098725060038,2.75959060945243,32.4069837380275
288,0.0965206135797884,30.7170199412771,4.02686706304006,2.84601541488882,30.6204993276973
289,0.0801476313671953,35.5381117267611,4.09230003045351,2.74308201344583,35.4579640953939
290,0.0270653833159858,40.3841472493736,4.02553311669274,2.82726366041396,40.3570818660576
291,0.123819448429214,45.4231164908774,4.6939832584982,3.46398855448459,45.2992970424482
292,0.0844414587938556,40.615056227518,4.06350594917239,3.00169876046723,40.5306147687242
293,0.0651086269120289,33.0962945323784,4.24088928344894,3.09722140843258,33.0311859054664
294,0.0960923027056094,32.2812252856333,4.28003223306233,3.15392814314673,32.1851329829277
295,0.103391534160133,38.2903727835866,4.14664753756942,3.23977928265996,38.1869812494265
296,0.100938890220726,37.6649386230427,3.99511600182658,3.04005493942907,37.563999732822
297,0.133214518399199,34.811037459458,4.04489234941617,2.85970193335644,34.6778229410588
298,0.113946467571788,29.284256854152,4.05240940612628,2.83898697813072,29.1703103865802
299,0.0693731551160933,30.4457839162167,3.90848680279156,2.88586432622201,30.3764107611006
300,0.0455485037445888,36.6304425971176,3.83630844968989,2.97764820376854,36.584894093373
301,0.0920725068446402,44.1901535626929,3.52573445560138,2.96661645082825,44.0980810558483
302,0.054653683416554,35.3407115341411,2.8565449708913,2.28392241556898,35.2860578507245
303,0.0811230960469425,29.1857017750804,2.82017752131867,2.24624805010006,29.1045786790335
304,0.0601036534220089,38.4684782995845,2.81184076602112,2.24896823839884,38.4083746461624
305,0.110017450797613,25.0476499975248,2.8335269857874,2.16892277780016,24.9376325467272
306,0.0610746978269789,19.2891875899044,2.85399004360552,2.13522083143252,19.2281128920775
307,0.0723994582832623,32.0389252711377,2.8080064419042,2.14963844919616,31.9665258128544
308,0.066976935066625,32.2443377670972,2.85638504553821,2.27724453156115,32.1773608320306
309,0.0297520913908216,23.782928256127,2.83346316347586,2.0838974194615,23.7531761647362
310,0.0579588371370096,27.7967952163734,2.87334591835783,2.24987843056076,27.7388363792364
311,0.0,2.35893907376324,0.382636993280666,0.449624241101764,2.35893907376324
312,0.0,2.48928919080172,0.391020470817731,0.450935870413978,2.48928919080172
313,0.0,2.18305006736435,0.387949095378893,0.445760293321155,2.18305006736435
314,0.0,2.20217984260054,0.39090703279072,0.451081135381298,2.20217984260054
315,0.0,2.38667587213058,0.39721059438706,0.452921293680568,2.38667587213058
316,0.0,2.4688281498731,0.402954165575602,0.45275507048322,2.4688281498731
317,0.0,2.38747318349387,0.393982186732885,0.445620788813277,2.38747318349387
318,0.0,2.29024059015376,0.387374572309559,0.447875384516342,2.29024059015376
319,0.0,2.35449177384539,0.388225938612673,0.4436662722271,2.35449177384539
320,0.0,2.35019841725499,0.384091682514277,0.448264963430583,2.35019841725499
321,0.0,0.915153330142531,0.0231748206487052,0.0495845368836354,0.915153330142531
322,0.0,0.984930948616979,0.0224934220914266,0.048258641732435,0.984930948616979
323,0.0,0.680931901839892,0.0225256856316985,0.0477259908422695,0.680931901839892
324,0.0,0.769312540917364,0.0226791819159809,0.0480552101830473,0.769312540917364
325,0.0,1.02905063965267,0.0218483951299251,0.0452666514182387,1.02905063965267
326,0.0,0.637441467762843,0.0218141404267867,0.0446633097538437,0.637441467762843
327,0.0,0.801801707535092,0.0225521728483357,0.0476478865461831,0.801801707535092
328,0.0,1.09911406818297,0.0227687581767853,0.0496494405913865,1.09911406818297
329,0.0,0.82760348768845,0.022733732147764,0.0485782332159757,0.82760348768845
330,0.0,1.01082482687909,0.0229703144444936,0.0501258132180836,1.01082482687909
331,0.354093146072083,227.633474363752,29.9411565096598,23.6216681759727,227.27938121768
332,0.360329285241727,230.969299437195,30.7148106748525,24.8633157755374,230.608970151954
333,0.473717214742586,258.349414761815,30.6827656516018,24.9584156395612,257.875697547072
334,0.50012329429391,331.176452995115,29.8549508630598,24.3389375942899,330.676329700821
335,0.311479036442789,223.726179330954,29.4346954172742,23.0215977071959,223.414700294511
336,0.482568008794863,220.634045647492,30.7039753076037,24.2913850786621,220.151477638697
337,0.425150724995341,290.940052011851,31.0969419067354,24.4843643305974,290.514901286856
338,0.472492944038657,323.386987549322,30.355873386852,24.2462584810845,322.914494605284
339,0.575670299586839,243.668372499461,30.0079157099075,23.6748214165385,243.092702199875
340,0.448529072611944,263.009150720819,31.014065609239,24.8590345027167,262.560621648208
341,0.0,1.5208937732221,0.0583572834158791,0.0965661880230445,1.5208937732221
342,0.0,1.25060694643041,0.0561108173361899,0.0910616438289863,1.25060694643041
343,0.0,1.14447789898099,0.0549969110235221,0.0889714994648957,1.14447789898099
344,0.0,1.34054500738504,0.0560194233526527,0.0938451581368094,1.34054500738504
345,0.0,1.66008628076597,0.0573599496426384,0.0946121721878316,1.66008628076597
346,0.0,1.64251891738906,0.0573457861048839,0.093972193196431,1.64251891738906
347,0.0,2.15699658517529,0.0566432277739015,0.0939083941888192,2.15699658517529
348,0.0,1.72602488661113,0.0565160353302446,0.096318748545847,1.72602488661113
349,0.0,1.75048839914822,0.0582465939461339,0.0987522072202447,1.75048839914822
350,0.0,2.03217464289065,0.0584735535659692,0.0984582934239138,2.03217464289065
351,0.0,1129.77918774522,66.5996369560998,116.939890465206,1129.77918774522
352,0.0,1110.58100731444,63.559556268116,106.181549303329,1110.58100731444
353,0.0,1217.84746725632,60.2976049986127,102.521203352919,1217.84746725632
354,0.0,1008.80091600978,60.3801798963906,100.597438711655,1008.80091600978
355,0.0,1041.1416641112,64.2970606858756,109.470571023308,1041.1416641112
356,0.0,1098.7399132291,61.7224869838256,102.410250795547,1098.7399132291
357,0.0,1210.48505450795,61.9443039591534,106.189430281541,1210.48505450795
358,0.0,1009.97412443768,60.6273719741809,100.375518892672,1009.97412443768
359,0.0,1044.58265472838,65.5983515852867,112.494424111082,1044.58265472838
360,0.0,1215.55126431937,64.0505049213733,107.432936539471,1215.55126431937
361,0.242774744118529,184.741766434468,14.0843129718468,15.0644698424042,184.49899169035
362,0.297891582083046,183.326374774824,13.716283642505,14.3063837745836,183.028483192741
363,0.406862239092189,172.150113355183,13.4869072813073,13.9138210715307,171.743251116091
364,0.265555404212988,202.614188036139,13.2785247769233,13.6126398892025,202.348632631926
365,0.406365358154563,194.527913625739,13.3596429888182,13.7746468090276,194.121548267584
366,0.172023551687844,208.52746578879,13.522000448717,14.1762154376055,208.355442237102
367,0.348451749348297,183.901603479846,13.6161387469809,14.0501479970281,183.553151730498
368,0.206305150105878,179.034999167921,13.2848333090046,13.9019336817933,178.828694017816
369,0.487655349120702,190.34783590403,13.2750069690418,13.3714532102713,189.860180554909
370,0.341593018859674,208.015745594944,13.8373647026374,13.9492991876661,207.674152576085
371,0.156387751922348,146.737900546868,8.06226715797112,10.6307023921021,146.581512794945
372,0.142211659680904,140.880390471612,8.14490993168726,10.7064038654126,140.738178811931
373,0.140820246620732,111.231853614751,8.17076570694762,10.1138385054058,111.091033368131
374,0.106905197415989,109.655495665648,8.17317358843517,9.71452936358055,109.548590468232
375,0.115410488326376,132.729098529702,8.35061721510242,10.1292288405404,132.613688041375
376,0.0698982967882349,157.131851335731,8.85998067964553,11.5670498379392,157.061953038943
377,0.0632954540139972,154.786393240438,8.91370519456053,11.266957543555,154.723097786424
378,0.141955204347422,131.850773184863,8.33263924577589,10.3372484221287,131.708817980515
379,0.143633764682341,139.234623755601,7.68879437180084,9.38678895135111,139.090989990919
380,0.144166314121845,128.505651562939,8.17368171228655,10.3699551291412,128.361485248817
381,0.0953516600728268,119.159402246714,9.0225249425163,8.47898889008401,119.064050586641
382,0.0483537952442592,121.224441207762,9.36637641785785,8.71022695579497,121.176087412517
383,0.0890179602196317,125.139755929882,9.22920389777579,8.66474412440302,125.050737969663
384,0.102902894314995,110.531865101371,9.32607929365469,8.51811085189619,110.428962207056
385,0.0708550508277463,119.790790459076,9.72346906869333,9.21213236600526,119.719935408248
386,0.164743320015496,85.0225439692894,9.62444886378928,8.41259227534919,84.8578006492739
387,0.100724513984241,92.2410014726664,9.55745278108887,8.36219175675539,92.1402769586822
388,0.255514084806497,98.765829785503,9.39854859080761,8.61074264089342,98.5103157006965
389,0.102054128181293,93.1764017798373,9.23139695389032,8.40886370878876,93.0743476516561
390,0.0744488280728561,110.392248283485,9.21778578990834,8.44262836913767,110.317799455413
391,0.0,175.246085715937,7.2053307697193,6.90278810797353,175.246085715937
392,0.0,126.951694943254,7.23906456761798,6.22845774649545,126.951694943254
393,0.216680525583311,187.692375508883,9.10571634761917,6.37765211832454,187.4756949833
394,0.0,186.990536335091,8.36057431822933,7.53401330812852,186.990536335091
395,0.0,244.699689833323,7.42838314292378,8.40375226463404,244.699689833323
396,0.0,401.75610406581,7.88221016033058,10.3099414622432,401.75610406581
397,0.0,286.874843772621,7.47001367480918,8.81532078674921,286.874843772621
398,0.0,215.710189377463,7.5576462732336,7.57408189242635,215.710189377463
399,0.193709965961325,208.673978211623,8.93161744123076,6.28640440464222,208.480268245662
400,0.0,131.685261346235,7.66836646793237,5.58176609012211,131.685261346235
401,2.21731251178355e-09,2.11572992574509e-05,4.16923589162846e-07,8.11934967197053e-07,2.11550819449392e-05
402,1.3758945484239702e-09,2.66627308331621e-05,4.44630555007268e-07,8.78851677502041e-07,2.66613549386137e-05
403,2.6701521419103603e-09,2.48776362768185e-05,5.05882874954165e-07,1.01730191258369e-06,2.48749661246766e-05
404,1.0547147037795e-09,2.00239673119039e-05,5.26779890675832e-07,1.02287179753109e-06,2.00229125972001e-05
405,3.6788286239679403e-10,2.41277493953227e-05,5.92675718653627e-07,1.20137695323506e-06,2.41273815124603e-05
406,2.96243724394456e-10,2.45806143667702e-05,6.18829155636315e-07,1.25822955860247e-06,2.45803181230458e-05
407,2.25662918456359e-10,2.22144271665673e-05,6.52197743585163e-07,1.28136040357394e-06,2.22142015036489e-05
408,3.40172890934542e-10,2.4286999145975e-05,6.83909384039001e-07,1.32642939953014e-06,2.42866589730841e-05
409,6.50984644706019e-10,2.04450011065127e-05,6.48316388192121e-07,1.27347486381082e-06,2.04443501218679e-05
410,5.79399117751374e-10,3.69420199453949e-05,5.61547352988531e-07,1.42290091740474e-06,3.69414405462771e-05
411,0.0,376.492602001299,21.4794387897492,26.3698625507527,376.492602001299
412,0.0,278.776716417224,21.5222835771348,23.6577087226927,278.776716417224
413,0.249941644804133,221.271604199553,21.0537676773129,20.4220257484279,221.021662554749
414,0.0,265.645184077337,21.2631320512797,21.9849973584881,265.645184077337
415,0.0,278.531981956661,22.2870776773003,27.1313597630957,278.531981956661
416,0.0,324.417666529035,22.0270295463096,25.8070696899058,324.417666529035
417,0.0,253.165701732437,21.3450474095674,22.1076213885543,253.165701732437
418,0.0,229.887925175908,20.7159331858772,20.0063655000679,229.887925175908
419,0.141855081313453,216.717921512595,19.8017415433963,17.9679630323929,216.576066431281
420,0.0,214.856706105377,19.5810586003351,18.8343010729979,214.856706105377
421,5.58894721812959e-12,4.33880934433686e-06,5.53383199614136e-08,2.30900553310612e-07,4.33880375538964e-06
422,9.52555495111074e-12,5.02130439300931e-06,4.55701139092073e-08,1.85080557677318e-07,5.02129486745436e-06
423,5.8240671465533195e-12,3.49244516586128e-06,4.76890712126855e-08,1.80310424557984e-07,3.49243934179413e-06
424,5.85393209970346e-12,2.69482332381001e-06,3.8000111551293e-08,1.27889323365095e-07,2.69481746987791e-06
425,3.53603704830013e-12,3.00106071517755e-06,4.07484165120147e-08,1.27389444711769e-07,3.0010571791405e-06
426,2.55229511842644e-12,3.56730848966131e-06,4.39015957643011e-08,1.38490345097197e-07,3.56730593736619e-06
427,8.537204743417099e-13,3.86667548148639e-06,5.22720183947427e-08,1.54116823843141e-07,3.86667462776591e-06
428,3.1211169654881797e-12,4.10194568027463e-06,7.10086579612389e-08,2.21815529142977e-07,4.10194255915766e-06
429,4.80114797751995e-12,5.06751118582673e-06,6.13052728893372e-08,1.93152501274717e-07,5.06750638467876e-06
430,5.2869946357467795e-12,5.71915199266587e-06,5.21331446475782e-08,1.98499523085321e-07,5.71914670567123e-06
431,3.32534110409103e-11,4.54144694163789e-05,3.76135080234799e-07,1.90094791976315e-06,4.54144361629678e-05
432,4.7934639206033196e-11,5.34083577622502e-05,3.12851595813563e-07,1.62400467735057e-06,5.3408309827611e-05
433,3.5519409861289e-11,3.45969196396892e-05,3.50627924861089e-07,1.60637799828072e-06,3.45968841202794e-05
434,2.41583609977716e-11,3.09457418729561e-05,2.53607900890362e-07,9.79150977514146e-07,3.09457177145951e-05
435,3.4573279483928294e-11,3.45834783191899e-05,3.01223821911255e-07,1.07140214407595e-06,3.45834437459104e-05
436,2.50995952788816e-11,3.42329150503197e-05,3.23264254846105e-07,1.16034368151374e-06,3.42328899507244e-05
437,8.460428794745569e-12,3.78878745738852e-05,4.54887456708162e-07,1.4402441339193e-06,3.78878661134564e-05
438,5.99384467369541e-12,5.57059739825565e-05,6.75404856069159e-07,2.38383657193748e-06,5.57059679887118e-05
439,3.57808846831497e-11,0.0001008585332825,5.35115922148767e-07,2.27104062584146e-06,0.0001008584975016
440,4.6998416411388096e-11,0.0001091905316741,3.68860009768186e-07,2.11326665181265e-06,0.0001091904846756
441,0.21964610481092,216.023012397522,10.94639926032,11.9996825432591,215.803366292711
442,0.17902049292942,126.329696879547,10.7020735471096,11.5032946760532,126.150676386617
443,0.273610038370327,170.820959788574,10.5380727151927,11.137966389241,170.547349750204
444,0.189747389270784,140.452214923294,10.5720043458745,10.7001455216779,140.262467534023
445,0.347446114443438,117.552222544894,11.320866539764,11.6160570794443,117.20477643045
446,0.2255905814136,157.159698927683,12.1529688349389,13.2174387416595,156.934108346269
447,0.333421426297482,137.351682875794,12.0172465986859,12.7129015033953,137.018261449497
448,0.361976855194825,183.394431130786,11.3958933494061,12.171151164805,183.032454275591
449,0.390554834281622,163.93748179667,10.5410739643424,11.3872879696722,163.546926962388
450,0.264972243272472,164.315941370406,10.8702703282557,11.7535379941323,164.050969127134
451,0.0,376.783740155654,21.4581135835621,26.399744793417,376.783740155654
452,0.0,278.916287344967,21.4976114013386,23.6826541058222,278.916287344967
453,0.252122917186834,221.478345198389,21.0087615601229,20.4558144526611,221.226222281202
454,0.0,265.880757375269,21.231237007784,22.0151208349121,265.880757375269
455,0.0,278.728453650528,22.2621414385353,27.1654270624412,278.728453650528
456,0.0,324.663416507786,22.0035970354809,25.8427459272588,324.663416507786
457,0.0,253.403993426445,21.3204409956871,22.1407334660888,253.403993426445
458,0.0,230.080330101616,20.6881413286046,20.0382147488962,230.080330101616
459,0.138662768806034,216.891450975879,19.7548394210034,18.0030127691487,216.752788207073
460,0.0,215.059755175772,19.5486488986548,18.8567483765361,215.059755175772
461,0.0,2.27548437132394,0.156397794296654,0.397642434859773,2.27548437132394
462,0.0,2.27548437132394,0.156397794296654,0.397642434859773,2.27548437132394
463,0.0,2.27548437132394,0.156397794296654,0.397642434859773,2.27548437132394
464,0.0,2.27548437132394,0.156397794296654,0.397642434859773,2.27548437132394
465,0.0,2.27548437132394,0.156397794296654,0.397642434859773,2.27548437132394
466,0.0,2.27548437132394,0.156397794296654,0.397642434859773,2.27548437132394
467,0.0,2.27548437132394,0.156397794296654,0.397642434859773,2.27548437132394
468,0.0,2.27548437132394,0.156397794296654,0.397642434859773,2.27548437132394
469,0.0,2.27548437132394,0.156397794296654,0.397642434859773,2.27548437132394
470,0.0,2.27548437132394,0.156397794296654,0.397642434859773,2.27548437132394
471,0.818876886777286,1573.31612906657,108.423849481698,135.789562142322,1572.49725217979
472,0.058722012177494,1294.16484107879,106.78939199384,121.807633928041,1294.10611906661
473,0.421922230277409,1533.03035820953,106.070258154968,115.295331685117,1532.60843597926
474,0.0932611902643878,1422.28684553643,111.85121474141,121.664243848742,1422.19358434616
475,0.885341545158591,1866.76367115798,126.848441601129,144.377629196131,1865.87832961282
476,0.42919190226835,1582.16375128228,130.514441343613,153.985272829647,1581.73455938001
477,0.602856002555528,1784.7650402883,131.505920565982,150.962236140703,1784.16218428574
478,0.372588134277391,1561.12115543413,120.607102419852,130.898983392636,1560.74856729985
479,0.478716823598186,1596.50874510904,109.338822994756,113.229936744277,1596.03002828544
480,0.705500268135968,1544.74571927189,110.319580400162,123.472728062871,1544.04021900375
481,2.80188075699137e-13,1.10498749973273e-08,1.85247678720913e-10,3.9557182332181703e-10,1.10495948092516e-08
482,1.24804076941999e-13,1.61311329047211e-08,1.89252047936767e-10,4.19125431120331e-10,1.61310081006442e-08
483,1.57711030549117e-13,9.958489811313711e-09,2.0794355116794002e-10,4.4275186216094603e-10,9.958332100283171e-09
484,1.21332722182371e-13,1.02608098745267e-08,2.24982571312658e-10,5.08497180708886e-10,1.02606885418046e-08
485,1.44857288563599e-13,1.11527865849199e-08,2.58501422860701e-10,5.99478899515177e-10,1.11526417276314e-08
486,2.4466792610272202e-14,1.32532147732663e-08,2.56914993316589e-10,6.222429191246801e-10,1.32531903064737e-08
487,3.47926324810201e-14,1.55572840637987e-08,2.68352567403973e-10,6.62454721468924e-10,1.55572492711662e-08
488,1.3125954945030401e-14,1.38857794719035e-08,2.73869719447154e-10,6.63100887429171e-10,1.38857663459485e-08
489,1.42718721794372e-14,9.523644373849311e-09,2.61218055949974e-10,5.99555652810842e-10,9.523630101977131e-09
490,1.10805743336752e-14,1.64709188159876e-08,2.40568573398944e-10,6.79394709977917e-10,1.64709077354133e-08
491,2.84357658900019e-16,9.63497854151333e-10,4.5352160881253295e-12,1.89806372186671e-11,9.63497569793675e-10
492,4.12523159036489e-16,6.257689777573801e-10,5.23969125612393e-12,1.8573703565563e-11,6.25768565234221e-10
493,5.75058583937639e-16,8.80895876319337e-10,5.7051787497536595e-12,2.12140875474072e-11,8.80895301260753e-10
494,6.82510583907453e-16,9.99364939424674e-10,6.752956546970369e-12,2.2935643128223098e-11,9.993642569140901e-10
495,3.4126342133547498e-16,5.09526861573115e-10,7.554963231155769e-12,2.80210083778349e-11,5.09526520309694e-10
496,1.97462163914393e-16,1.2184886848500301e-09,8.56529716656731e-12,4.0668771702036e-11,1.21848848738786e-09
497,8.27806422161412e-17,1.06494184618477e-09,7.25586468409488e-12,3.4023995115272e-11,1.0649417634041301e-09
498,3.45068550893657e-17,1.1926180878063e-09,7.3319400094469e-12,3.65507965660482e-11,1.1926180532994501e-09
499,9.331139100847891e-17,1.4301595323418802e-09,6.81756830934055e-12,3.57393114757963e-11,1.43015943903049e-09
500,1.14843606514604e-16,1.4076590410908702e-09,5.74582338049345e-12,2.6010739598801896e-11,1.40765892624726e-09
501,0.0039733401295366,41.0553091968955,2.24419342845073,2.7707859259001,41.0513358567659
502,0.0073988607563467,40.3083099637439,2.18329800193738,2.68582283458914,40.3009111029876
503,0.0048111178061938,41.2269528935086,2.19238777121724,2.67424344755162,41.2221417757024
504,0.0044156426725583,39.7586301326103,2.22119511576216,2.72028471794977,39.7542144899377
505,0.0047750642572345,43.7709690313103,2.28992900628938,2.78301534926551,43.7661939670531
506,0.0031198244747565,53.4918960607876,2.30737240497176,2.95943178576763,53.4887762363129
507,0.0045343688790142,61.3466213490987,2.41025314112227,3.12303751177579,61.3420869802197
508,0.002128565171003,62.5379253239568,2.42305972156894,3.22573845295466,62.5357967587858
509,0.0022727625018903,51.3229931834223,2.38775751621367,3.0597106877765,51.3207204209204
510,0.0029244314546872,36.3683243462911,2.31981287535363,2.88197014264615,36.3653999148364
511,0.0917245156106306,119.16237693131,9.02372611510454,8.48043216215557,119.070652415699
512,0.0633213235690839,121.233576183476,9.37114287772246,8.71003868559238,121.170254859907
513,0.0933069498914882,125.147760683117,9.23527724505182,8.66494849465173,125.054453733225
514,0.102706351510352,110.532463736828,9.33330517794945,8.51790643293454,110.429757385317
515,0.0742919695600612,119.773498774666,9.73086453851456,9.21106536691362,119.699206805106
516,0.164516862888246,85.0124869037212,9.63327711787569,8.4114910334806,84.8479700408329
517,0.10346316861843,92.2353644927356,9.56563623561202,8.36212213108404,92.1319013241172
518,0.26143724333039,98.7661650151685,9.40677466364181,8.61143804151633,98.5047277718381
519,0.101589467521467,93.1864067639886,9.2392711909228,8.40918852437762,93.0848172964671
520,0.0744389370397011,110.390148541754,9.22434750167855,8.44243692951487,110.315709604714
521,0.0,476.135231440745,15.8723239737451,30.1218688478917,476.135231440745
522,0.0,326.299769123438,15.9612235725009,26.8485249250293,326.299769123438
523,0.110097702849255,291.592547867155,16.404315136168,22.4615500648928,291.482450164306
524,0.0,348.352747558123,16.7353921896951,25.5833519806501,348.352747558123
525,0.0,375.683740772181,17.7128869754452,33.1769985834649,375.683740772181
526,0.0,447.343332203429,17.1790296565221,31.4254561100841,447.343332203429
527,0.0,449.279995471639,15.3799302739267,22.7513598539865,449.279995471639
528,0.0,284.175836666306,14.0518315840898,17.4772928945204,284.175836666306
529,0.108917023778656,205.615315067791,13.5379101460414,14.6810257276285,205.506398044013
530,0.0,252.864012805734,13.8640254648467,18.8938862476663,252.864012805734
531,0.0369166621801499,12.0227057655664,1.51039938634523,1.17056549430116,11.9857891033863
532,0.0144286838279508,6.93436731880575,1.25762741711035,0.969140384100667,6.91993863497779
533,0.0064760932545302,9.43103551851517,1.2686336858273,0.980908662721377,9.42455942526064
534,0.0388221798822099,12.4877767205809,1.27197662827654,0.97867885083258,12.4489545406986
535,0.036364678097572,7.71673557521875,1.2728607380004,0.937836052640807,7.68037089712118
536,0.0436428175949728,7.66673704248649,1.24652811957072,0.945817526553892,7.62309422489152
537,0.0304274104347373,9.0974543119953,1.18449366524526,0.899639130487902,9.06702690156056
538,0.0257661133821675,6.28250574956701,1.1726850417733,0.881826660482526,6.25673963618484
539,0.0273861003635069,5.97764049002897,1.14639144308725,0.863800470286786,5.95025438966547
540,0.0282840825870021,5.96318271504454,1.13825965724553,0.834816080761008,5.93489863245754
541,1.4392369744533e-08,0.0001975351674004,8.17807218282861e-06,1.3230894758842e-05,0.0001975207750306
542,2.07068073386832e-08,0.0001196387755306,5.72149583390841e-06,8.87717056509185e-06,0.0001196180687233
543,2.24376413773253e-08,0.0001073911048226,5.82967960666197e-06,9.17274862755365e-06,0.0001073686671812
544,1.90516978698888e-08,0.0001162015714969,5.7920083598689e-06,9.20915113681143e-06,0.000116182519799
545,1.88616176538767e-08,0.0001167744101666,5.56407145787811e-06,8.93060486208034e-06,0.000116755548549
546,2.01563243766817e-08,0.0001076242458327,5.57814514589038e-06,9.31603637960109e-06,0.0001076040895083
547,1.8368610059583e-08,0.0001191549848805,5.69892199236037e-06,9.63188470407134e-06,0.0001191366162704
548,2.23418143403393e-08,0.0001263860469486,5.7638088042486e-06,9.86671377487117e-06,0.0001263637051342
549,1.06188473870692e-08,9.45407470938938e-05,5.75075851189135e-06,9.39397279740844e-06,9.45301282465067e-05
550,3.30396022986637e-08,9.77692890364025e-05,5.61348047717563e-06,8.92637491657911e-06,9.77362494341038e-05
551,0.279043552084074,266.583447627284,28.5832475705857,31.6220676902329,266.3044040752
552,0.139087701640913,232.060188010621,19.1492384417929,20.8798560372785,231.921100308981
553,0.0681923272766168,237.112959983399,19.3354052018781,21.3566357422967,237.044767656123
554,0.0962300634404654,244.066615317576,19.7432024311636,22.1285970138358,243.970385254135
555,0.151725639181695,227.725591335834,20.0476366538143,22.3365400288977,227.573865696652
556,0.312677480173079,236.953918992981,19.9618250230096,22.5976682108963,236.641241512808
557,0.187628708066155,215.528642535352,19.2981345384307,21.9384213438372,215.341013827285
558,0.27362416656716,216.670306344207,19.8213190296071,22.0009793583946,216.39668217764
559,0.179825204582615,214.316284764999,19.4499808172876,21.0322460148426,214.136459560416
560,0.333640757318076,199.611881406137,19.5451690999607,21.6072973425291,199.278240648819
561,0.0661027549052709,17.9193381779444,3.80700893487748,2.79473109755127,17.8532354230392
562,0.0392819141351214,15.994976523457,3.74575101795132,2.76922183325494,15.9556946093219
563,0.04098917471558,19.5579573713148,3.7899990250162,2.77900992354434,19.5169681965992
564,0.0443186406128779,19.2182311101127,3.9227031433009,3.0389488366377,19.1739124694998
565,0.0670607122880577,21.0207900914593,4.0651890322567,3.19820862808816,20.9537293791712
566,0.0374332479661909,18.7909571303538,4.16723222929473,3.21012321966906,18.7535238823876
567,0.0503447104677773,22.035418400306,4.18039218159716,3.21782512095907,21.9850736898382
568,0.0839577240297898,21.2373075257714,4.06989944877333,3.09178699220171,21.1533498017416
569,0.098348010294911,19.6648920837221,3.94305535632459,2.88724836875181,19.5665440734272
570,0.06895912698062,21.1659504102015,3.87266464633392,2.83941669455475,21.0969912832209
571,0.0041183533655552,44.5329435802144,4.20085463056764,4.66215290957873,44.5288252268489
572,0.0079202156335197,43.4131567011076,3.60165402074478,4.09452996493343,43.4052364854741
573,0.0063922470300341,49.5790208092395,3.57812340821818,4.04534496211274,49.5726285622095
574,0.0055479856535156,50.5885091485219,3.6497763378323,4.1445447863049,50.5829611628684
575,0.0066953421608383,41.9026162259152,3.68013752692625,4.25937535856104,41.8959208837544
576,0.0060955607726222,42.1322671011194,3.65734880749937,4.21103865891658,42.1261715403468
577,0.009076411295544,49.9179936545378,3.65937775920608,4.24076554657663,49.9089172432423
578,0.0045904549466215,49.7566553850546,3.65847536497657,4.22526286177683,49.752064930108
579,0.0052184018249089,44.6408311077827,3.71402131260203,4.24445045595831,44.6356127059578
580,0.0048072573560198,45.9834357083868,3.73744915649396,4.29409795611971,45.9786284510308
581,2.85220375970266e-06,0.0168885338711753,0.0011777626970697,0.001319442075463,0.0168856816674156
582,2.05727442570821e-06,0.0219166752311269,0.0011874389171677,0.0013514380717504,0.0219146179567012
583,1.51298761284652e-06,0.0186934306934073,0.0012163048023637,0.0014045957251966,0.0186919177057945
584,2.01890137177027e-06,0.0172379549648756,0.0011732143326907,0.0013234214109231,0.0172359360635038
585,7.22182791580716e-07,0.015483839371228,0.0011784667803118,0.0013170544575144,0.0154831171884365
586,1.1307386825592e-06,0.0171683606435361,0.0011905640732751,0.0013556796211849,0.0171672299048535
587,2.26499593042468e-06,0.0209369802917839,0.0012272352441336,0.0014262164372566,0.0209347152958535
588,7.28623382333693e-07,0.018295643882505,0.0011833272253141,0.001340222850288,0.0182949152591227
589,2.57541786622686e-06,0.0149808824891478,0.0011837333146215,0.0013243751113869,0.0149783070712815
590,3.27517323192785e-06,0.0226967588517078,0.0011916410531085,0.0013948049907309,0.0226934836784758
591,0.0514575847269315,64.3266183948355,2.30941998972941,2.48595064617079,64.2751608101086
592,0.0783486874352713,43.58960437225,2.29813887363866,2.3797343924607,43.5112556848147
593,0.0485996312196291,59.8900921581445,2.32149862622585,2.42123164815643,59.8414925269249
594,0.0646606719694103,103.90660512174,2.34206114340276,2.54313691729744,103.841944449771
595,0.0636205287736582,99.7813143549735,2.38476102338269,2.85832081290443,99.7176938261998
596,0.0600834674809871,83.0800917179602,2.37627424420078,2.72648666320832,83.0200082504793
597,0.0510410850517715,62.9710826279238,2.40579116441342,2.7426881653281,62.920041542872
598,0.0533834792382602,64.298399523036,2.41763337217274,2.71474421776683,64.2450160437977
599,0.0662223622500013,59.1628358983842,2.46165697057533,2.71750333940372,59.0966135361342
600,0.0664384199505585,88.0975296265541,2.47953810923453,2.71964085745027,88.0310912066035
601,2.83656157045264,51833.4110531449,2249.32762232311,4330.54087892682,51830.5744915744
602,1.58543711317849,52162.4968789151,2240.01247657857,4351.65094674996,52160.9114418019
603,2.0196936890668,51150.5093561382,2224.54375181241,4335.73515162421,51148.4896624491
604,1.70514859712614,50344.0061398616,2211.81765740905,4314.54790562964,50342.3009912644
605,2.39964596998182,49894.9032386072,2192.99981906493,4302.51522512264,49892.5035926372
606,1.8187023458104,50186.6651165524,2180.40592807336,4289.50182163506,50184.8464142066
607,2.18854606684866,50440.1432671496,2179.40307043443,4274.50267157383,50437.9547210828
608,2.32150905595369,50325.7126415174,2188.49530613984,4275.60394515825,50323.3911324615
609,1.93129993361822,50611.7951073349,2193.34549401585,4282.72186877646,50609.8638074013
610,2.35008259080266,51167.2173729664,2207.99962657235,4310.66553311131,51164.8672903756
611,0.0002641230245739,3.42312788691742,0.148666385640974,0.284521564754664,3.42286376389284
612,0.0002197143307897,3.45255359610394,0.148159764360898,0.286277159316397,3.45233388177315
613,0.0002388249748371,3.39498613885106,0.147239150645844,0.285114422528102,3.39474731387623
614,0.0001627545181834,3.35246819973246,0.146408952425865,0.283547170126505,3.35230544521427
615,0.0005456850770721,3.31876746234792,0.144952753636876,0.282442343108892,3.31822177727085
616,0.0003462691503924,3.31840715517826,0.143538633451948,0.281034276877583,3.31806088602786
617,0.0002798262299632,3.30534812812752,0.14323658238662,0.279763105983312,3.30506830189756
618,0.0003538228108206,3.27715695493606,0.143759646819514,0.280036886447343,3.27680313212524
619,0.0002779752059362,3.29206954094851,0.144201001559879,0.28068109660441,3.29179156574257
620,0.0003330529200667,3.36027413849119,0.14547130049069,0.282902635188836,3.35994108557112
621,0.0005539825890177,3.47931983044188,0.150934733888558,0.289008035179955,3.47876584785286
622,0.0003291509883279,3.50423774630669,0.150266049770294,0.290712443343938,3.50390859531837
623,0.0003262771974715,3.4368650528475,0.149300127683199,0.28964486565369,3.43653877565003
624,0.0002234454038959,3.3835915140087,0.148451788757221,0.288259595241618,3.38336806860481
625,0.0002725857455017,3.35157041819794,0.147233134912353,0.28754851504776,3.35129783245244
626,0.0002258331187468,3.3464238159989,0.1462377716838,0.286664606050872,3.34619798288016
627,0.0003283819332165,3.35665973866771,0.14624956862237,0.285615984244562,3.35633135673449
628,0.0003229786013668,3.34854014210282,0.147002268166642,0.285867096571098,3.34821716350145
629,6.8963578570475e-05,3.38083760288638,0.14753315915569,0.286802510544208,3.38076863930781
630,0.0001474868969851,3.45037147907025,0.148833846523489,0.289170227620443,3.45022399217327
631,0.0149318926573516,53.1286450726817,3.86851573521534,4.99032708125913,53.1137131800243
632,0.015365956670732,57.948323946408,4.16970139334452,5.43919200666368,57.9329579897373
633,0.0048433617467018,59.0689777144202,4.61756775247961,6.10022297711549,59.0641343526735
634,0.0267721965859536,62.364060254209,4.8798969765229,6.55067784437195,62.3372880576231
635,0.0029788658061309,80.2005819408324,4.90583529224934,7.64915265284868,80.1976030750262
636,0.00104386177835,93.6286964940995,5.20478173359019,8.2519233905883,93.6276526323211
637,0.0015080748413825,75.7226252985823,5.18860979102999,7.78529381585818,75.7211172237409
638,0.0038470309373872,66.7622439855354,5.10848144092749,7.28601515346977,66.758396954598
639,0.0072363349204089,62.019337438623,4.7339575774837,6.35783131021903,62.0121011037026
640,0.0003872246563857,62.5046293260157,4.18641352742445,5.57045883214053,62.5042421013594
641,0.0130872384179106,53.1358382207329,3.51551917102072,4.561136912292,53.122750982315
642,0.0334627992520437,53.0590083339569,3.47279145735427,4.57617269595361,53.0255455347048
643,0.0495703927017657,44.3613103590019,3.45701523004514,4.40773852307442,44.3117399663001
644,0.0154639226432459,42.2167572470891,3.44206368505994,4.25710857062237,42.2012933244458
645,0.0092366480442203,46.9748260774301,3.33595699701477,4.09763545090138,46.9655894293859
646,0.0292567295948692,50.5984818992549,3.393767049971,4.26138483995931,50.5692251696601
647,0.0219913826722338,54.8519691587096,3.38496044176092,4.19135251779411,54.8299777760374
648,0.0193923781506919,45.6955080241021,3.28014026671966,4.0420441325619,45.6761156459514
649,0.0275869960133485,51.6372436813532,3.20507299982335,3.79280873907159,51.6096566853398
650,0.0419074689899747,46.0119752617094,3.46168917768878,4.13996037209946,45.9700677927195
651,2.63756062948679,2318.98086617601,220.438781166557,180.159966003769,2316.34330554652
652,1.58543711317849,2227.8036803314,207.411913110408,168.068547788268,2226.21824321822
653,2.00960523078383,2310.85975640707,201.696527681889,183.234294295963,2308.85015117629
654,1.70514859712614,2621.80794784921,207.104318405016,207.374853208679,2620.10279925208
655,2.39964596998182,2869.85841398931,200.501538960784,194.803870793233,2867.45876801932
656,1.8187023458104,2250.44386495074,199.547192306011,198.682030176112,2248.62516260493
657,2.18913164594577,2089.98891722739,208.26200006703,201.923164571452,2087.79978558144
658,2.31482146989784,2213.24916781758,218.789440516326,207.578889848224,2210.93434634768
659,1.93129993361822,1748.40280976464,204.419890066299,201.230793900231,1746.47150983102
660,2.35008259080266,2018.0517541848,202.958348123731,174.315902846465,2015.701671594
661,5.60317488997588,4003.60272050716,320.783293832962,283.768325600803,3997.99954561719
662,1.70308916246699,3661.94248984746,289.216192492706,240.589492107211,3660.23940068499
663,2.83628183171318,3804.64176759604,294.334386975534,245.989498072376,3801.80548576433
664,3.4252088496999,3606.53215377438,301.806217023292,247.197218062974,3603.10694492468
665,4.35174483460011,2708.42045352792,305.887373995236,245.946404837115,2704.06870869332
666,2.26854606951925,3993.82391149574,298.748200296493,251.603722825647,3991.55536542622
667,3.40015222545256,3980.18362666414,290.057938338824,247.16924890892,3976.78347443869
668,4.19193590840273,3471.92046155225,296.14355356338,249.771215638156,3467.72852564385
669,5.92245730151609,2910.15415543129,296.125998555164,241.287538595614,2904.23169812978
670,4.03209777907233,3552.38190288713,289.988946422195,236.634046526362,3548.34980510805
671,0.0228479871642759,15.0193766587605,1.53878362130236,1.30750159871403,14.9965286715962
672,0.0247293522241846,8.96632244727006,1.33734541537313,1.09627844219177,8.94159309504588
673,0.0260454120525495,8.82159064515468,1.3629076289417,1.13875631505783,8.79554523310213
674,0.0202979923213128,9.28323092199141,1.41764673459753,1.17273155780483,9.2629329296701
675,0.0294328276933843,10.1211460417835,1.42832405744043,1.14286080977092,10.0917132140901
676,0.0192802875864413,12.2833647257104,1.39701535077989,1.11370916914977,12.2640844381239
677,0.038636471215426,13.5179002512823,1.39228158833147,1.12520668568027,13.4792637800669
678,0.0243761387965524,11.2825586536125,1.38209850407903,1.11733873306038,11.258182514816
679,0.0494008615825979,11.3891068761199,1.38594695839325,1.12136251415899,11.3397060145373
680,0.0388590910879715,12.4527266129995,1.36503596413122,1.10634488919327,12.4138675219115
681,0.0453979414231862,46.5279321514027,2.8578003864246,3.17918831982412,46.4825342099795
682,0.0408793923066136,40.2616373747097,2.43339726141042,2.79121846975332,40.2207579824031
683,0.0226281153759477,44.4241658320167,2.38975186645906,2.70507538671004,44.4015377166408
684,0.0345519198774001,43.5919748895043,2.37607652999217,2.66315360748105,43.5574229696269
685,0.0324942567913467,41.143621891141,2.38098211365977,2.70078014763724,41.1111276343496
686,0.0351299744007455,40.82430499852,2.34617714603412,2.6855845168436,40.7891750241192
687,0.0399473232559268,40.0335037245825,2.34086431013887,2.70377324254229,39.9935564013266
688,0.0570500902025003,37.5755763875916,2.39428876499587,2.71484897262409,37.5185262973891
689,0.0523408582941935,40.4154235252285,2.39956503825619,2.67199169136448,40.3630826669343
690,0.0373748892675628,45.1232391067345,2.39566806225952,2.66869392512282,45.0858642174669
691,4.37077083536903,51477.5546305726,2288.7727107455,4316.56192963505,51473.1838597373
692,7.14039848519281,51117.1124214235,2288.53111256222,4312.90085883313,51109.9720229383
693,7.84131405152781,51190.2546171518,2288.09567513996,4313.3100341882,51182.4133031003
694,5.09969577255901,51057.6643734088,2288.58244864369,4313.63189657738,51052.5646776362
695,5.34003091524583,50926.5801241206,2287.56459761952,4315.11020487261,50921.2400932053
696,8.00456870275891,51044.0943611571,2285.36894258049,4312.4636727251,51036.0897924544
697,4.77103304826704,51305.1289092167,2283.59048685821,4312.81023854224,51300.3578761684
698,6.26077196717785,51232.8387456253,2284.31177292227,4312.19683865951,51226.5779736581
699,5.67094947682925,51310.3382079461,2286.54610973043,4313.10624904093,51304.6672584692
700,4.86729408992435,51241.6014826348,2288.88512910551,4311.43781152535,51236.7341885448
701,0.0679921710012022,47.7829742244896,3.83275906033033,4.32215453344053,47.7149820534884
702,0.0666692867670671,45.49468028712,3.82310503202817,4.41075560066154,45.428011000353
703,0.0678590791345796,49.1468125340781,3.86322339188803,4.4557326418833,49.0789534549435
704,0.0870149113061906,50.2681587966079,3.86055272554441,4.43149667387494,50.1811438853017
705,0.0633216048567083,48.1726772393972,3.80803377127572,4.29856483402539,48.1093556345405
706,0.0749742987921933,46.052471315566,3.77286062663716,4.27846205941885,45.9774970167738
707,0.0769189003294256,53.0122242000728,3.83235107366692,4.44210856451641,52.9353052997434
708,0.0621972275438999,53.6671654314941,3.86004792656863,4.44437816291222,53.6049682039502
709,0.0636652123879521,49.2858718941533,3.85510951007696,4.35688484767995,49.2222066817653
710,0.0650963977310941,44.2395076039759,3.79539216627533,4.32534843199933,44.1744112062448
711,0.0,1.40027913212986,0.0884074543331008,0.0751071704446488,1.40027913212986
712,0.0,1.19433425300835,0.0897999016521837,0.0711964030999872,1.19433425300835
713,0.0,1.24165312747715,0.0885155791626223,0.0657968800524267,1.24165312747715
714,0.0,1.3235593438269,0.0904546951250241,0.0726241978349851,1.3235593438269
715,2.4435391181527e-07,1.43859588859974,0.0876501934464102,0.0673837296409359,1.43859564424583
716,0.0,1.24407259758908,0.0868145782399965,0.0688559942540546,1.24407259758908
717,0.0,1.38264155170836,0.0849465242836595,0.0707440164200177,1.38264155170836
718,0.0,1.18330706407081,0.0843214925440876,0.0700244314263332,1.18330706407081
719,0.0,1.30188573420793,0.0851130138897929,0.0724826525043584,1.30188573420793
720,0.0,1.35360044170226,0.086189074280721,0.0722938934823812,1.35360044170226
721,5.71208661910631e-16,2.65805513847395e-07,7.30485330092807e-10,4.7942708966293806e-09,2.65805513276187e-07
722,5.38641197052701e-16,4.94933544193776e-07,8.50042420743484e-10,6.596184589106011e-09,4.94933543655135e-07
723,5.63470537516631e-16,4.73125233036946e-07,1.0343214796410501e-09,8.032202386696481e-09,4.73125232473476e-07
724,7.39932992258389e-16,5.4663689524297e-07,1.31973941160781e-09,9.24291148817295e-09,5.46636894503037e-07
725,4.46958979862327e-16,8.44963268083885e-07,1.1592293704436e-09,1.04559109007619e-08,8.44963267636926e-07
726,2.4445224632383003e-16,1.30209059006426e-06,1.3797003512303402e-09,1.44250685522792e-08,1.3020905898198e-06
727,1.47451559517499e-16,7.26617695522541e-07,1.1234390625299701e-09,1.08133704693046e-08,7.26617695375089e-07
728,5.72302199975096e-16,5.78553229363647e-07,9.58582705526437e-10,8.54350924095878e-09,5.78553228791345e-07
729,3.58609294326036e-16,5.54614820470699e-07,8.57515822097003e-10,6.993754309327091e-09,5.54614820112089e-07
730,4.94595667506493e-16,4.55743790561264e-07,7.08033310039981e-10,6.136144372026221e-09,4.55743790066668e-07
731,0.0240508245167467,60.7455145395892,5.68563979979597,6.37690564328309,60.7214637150724
732,0.0123870139698906,75.7916814517924,5.96628290100612,6.6731588407364,75.7792944378225
733,0.0321155626491795,65.5337795002247,5.92573479076285,6.36247445209605,65.5016639375756
734,0.0392533799158254,68.0910489618626,6.10101659150761,6.43450084490008,68.0517955819468
735,0.0532746543763392,72.6780468569822,6.64280809162672,7.02007877977026,72.6247722026059
736,0.0,71.0814200109298,6.41084383138385,6.52451559788207,71.0814200109298
737,0.0538499348020162,82.5920206473481,6.47891019072562,6.57165548309479,82.538170712546
738,1.5280488926846398e-16,84.0226330884745,6.07791156828193,6.76706908385319,84.0226330884745
739,5.50561596313059e-10,83.0946844743824,5.97985583695784,6.54454718200594,83.0946844738318
740,0.0229908653599857,69.4934689044539,5.93565131030292,6.31440426855125,69.4704780390939
741,0.0,0.212566604079198,0.0079985877238096,0.0143387550414691,0.212566604079198
742,0.0,0.28521546612449,0.0086146134916997,0.0150426063337614,0.28521546612449
743,0.0,0.2056629642437,0.0082758412851737,0.0126392215371433,0.2056629642437
744,1.52805524268961e-06,0.19395146808805,0.0081131173507062,0.0115146015350626,0.193949940032808
745,5.88239410380816e-06,0.25480861774252,0.0084681194596013,0.0129028813758408,0.254802735348416
746,0.0,0.220775200780968,0.0077733620726995,0.0111138055455352,0.220775200780968
747,0.0,0.211052456692439,0.007878307143109,0.0110304506193154,0.211052456692439
748,0.0,0.287068190522106,0.0076267971354253,0.0118440725563259,0.287068190522106
749,2.5737135065837502e-14,0.270417093105786,0.007322023245751,0.0106915007107098,0.27041709310576
750,3.37922284210065e-08,0.360669785405194,0.007522521505332,0.0114211625248045,0.360669751612966
751,0.0,1024.09900994644,39.4428422495159,63.061909273458,1024.09900994644
752,0.0289957968053931,1331.53414540249,35.2956141290765,58.7519695297309,1331.50514960569
753,0.0264680840633343,764.155412108258,35.0849767330765,50.600099429902,764.128944024194
754,0.0286979097160404,592.852533435571,34.3162040736072,45.6217173350806,592.823835525855
755,0.0106828030965466,1000.44241481683,36.5303292436822,53.8139364296802,1000.43173201373
756,0.0230712902812108,562.117998273925,34.9166231815815,47.0792073758671,562.094926983644
757,0.0335231563988238,614.958023234831,33.6496772160492,44.8212654137769,614.924500078432
758,0.0244312839318044,666.833980873521,33.1606155100095,45.0493268188564,666.809549589589
759,0.0610466222817823,645.138238714108,33.8608344815035,47.6252996466076,645.077192091826
760,0.0350200522961708,838.928225803653,34.8221958993504,49.7152351713979,838.893205751357
761,0.0,5.82737267330925e-06,5.18020457007069e-08,1.50269793175867e-07,5.82737267330925e-06
762,0.0,3.02564965303226e-06,3.6047664161544e-08,8.8298037683965e-08,3.02564965303226e-06
763,0.0,2.7701301467698e-06,3.64055530407626e-08,7.74328663140675e-08,2.7701301467698e-06
764,0.0,1.0491879289863e-06,3.80131126678153e-08,7.31664299655471e-08,1.0491879289863e-06
765,0.0,1.66036205186063e-06,3.99477485416672e-08,8.39357056113928e-08,1.66036205186063e-06
766,0.0,1.8925372244706e-06,3.67619361112193e-08,8.09294515671575e-08,1.8925372244706e-06
767,0.0,1.55085454902509e-06,3.62004883614429e-08,7.55862523811875e-08,1.55085454902509e-06
768,0.0,2.88933294334048e-06,3.64755640188208e-08,8.0564355681121e-08,2.88933294334048e-06
769,0.0,1.32426288961263e-06,3.65098714267931e-08,7.10856680373392e-08,1.32426288961263e-06
770,0.0,1.4429997131263e-06,3.82197835742309e-08,7.78153499587639e-08,1.4429997131263e-06
771,3.0009523496699398e-18,3.77031321148777e-08,5.84055226521823e-10,1.87013568238081e-09,3.77031321118767e-08
772,6.92157012134492e-17,5.52537713428132e-08,8.48718724873153e-10,2.8187581929254304e-09,5.52537712735975e-08
773,9.5790630706233e-17,4.84759406520544e-08,8.62256074169046e-10,2.84094543798993e-09,4.84759405562638e-08
774,4.6661027165471204e-17,6.03887089111763e-08,8.904790231494901e-10,2.9912171824961e-09,6.03887088645153e-08
775,4.04371482560006e-17,4.84590203756057e-08,8.43006620891709e-10,2.77218558750851e-09,4.84590203351685e-08
776,4.7631928554746604e-17,5.22934072951465e-08,8.69296923670014e-10,2.9332567288502e-09,5.22934072475146e-08
777,6.9587756329923e-17,5.05976419264147e-08,8.64936622950574e-10,2.8688844821514304e-09,5.0597641856827e-08
778,1.50451422160888e-16,5.34576228490454e-08,8.89851902371689e-10,2.97518955030356e-09,5.3457622698594e-08
779,1.53534013586756e-16,4.59919011062922e-08,8.71822574165803e-10,2.87943683661073e-09,4.59919009527581e-08
780,7.10177777617547e-17,6.14620823930223e-08,8.91258293713305e-10,3.04935840939192e-09,6.14620823220045e-08
781,1.06120678540053e-23,3.21070661629264e-10,3.49798204577204e-12,1.12071551358498e-11,3.21070661629254e-10
782,2.99176161686822e-23,2.69967952347747e-10,4.84080415262903e-12,1.3599788088226899e-11,2.69967952347717e-10
783,1.1498932843117101e-23,3.02921392739595e-10,4.9039013787166e-12,1.42299601999664e-11,3.02921392739583e-10
784,1.66635998557462e-23,4.96880590923394e-10,5.10733775950406e-12,1.47497334710639e-11,4.96880590923377e-10
785,2.43156484354871e-23,2.81408927027329e-10,4.8779439661914e-12,1.3364432460314599e-11,2.81408927027305e-10
786,7.62752336948149e-24,2.36826088668672e-10,4.75237050636277e-12,1.2942757556087598e-11,2.36826088668664e-10
787,1.520165579974e-23,3.40928034902846e-10,4.99476754813128e-12,1.42277797546356e-11,3.40928034902831e-10
788,2.17997029440836e-23,4.5887793605803005e-10,4.9286738228766795e-12,1.4833100163698098e-11,4.58877936058009e-10
789,1.7151050817871302e-23,5.98110058917121e-10,4.70521897259471e-12,1.50305258100747e-11,5.98110058917104e-10
790,9.883833060766931e-24,3.84143720793216e-10,4.55424465921516e-12,1.3192846406551498e-11,3.84143720793207e-10
791,0.129568685826736,51.7707183826609,4.19889394579144,3.53185498834252,51.6411496968342
792,0.0737983543324223,33.97217278885,3.40241582310103,2.6010800500483,33.8983744345176
793,0.0771129499635369,36.9973381788023,3.39883857896544,2.79237531222479,36.9202252288388
794,0.128561026735772,50.106275609062,3.53119437450294,2.94838090354566,49.9777145823262
795,0.0689093474716235,43.9039769339882,3.69212472172322,2.94893714218447,43.8350675865166
796,0.103766439167156,34.5233316728754,3.61577667650412,2.70812328610696,34.4195652337082
797,0.0666985775698295,33.5299457309912,3.46100206472818,2.65000712576792,33.4632471534214
798,0.0482361793000496,43.0420914056218,3.44560010180649,2.84912226336946,42.9938552263217
799,0.0536463311082092,26.0639606111388,3.47861454122856,2.60531487531966,26.0103142800306
800,0.0839832350913354,31.3632256006244,3.48426528526515,2.49246024644965,31.2792423655331
801,0.122584806505717,31.7158069206717,3.59655730731584,2.81715420817776,31.593222114166
802,0.0918479695203316,28.5978817758784,2.90317961183844,2.16966742030343,28.506033806358
803,0.0635124128254633,25.7935893403183,2.95712956524088,2.17625715500039,25.7300769274928
804,0.104562918997141,20.3269774614025,2.93567219118015,2.08456622577532,20.2224145424053
805,0.0570463015903834,23.8110914221964,2.90301932547969,2.12399171939698,23.7540451206061
806,0.0572582588333794,23.7803183337585,2.93840228463659,2.10854689058903,23.7230600749251
807,0.0529453170614907,22.4360066535649,2.88187229422452,2.00324434384669,22.3830613365034
808,0.109548856763992,21.7831469099375,2.89768312989681,1.99672031419792,21.6735980531735
809,0.0806776067182221,23.2457563869847,2.87639246643197,2.0362062176328,23.1650787802665
810,0.0941964801809429,21.2193714841435,2.82636439752537,1.9954674901403,21.1251750039626
811,0.0769599466033572,40.6802244173054,3.33596735667361,2.60947856536182,40.603264470702
812,0.0489124152868252,21.0427130335057,2.6072573246123,2.1043935480055,20.9938006182189
813,0.0532755167006887,27.41041272615,2.56608991589682,2.13663548174155,27.3571372094494
814,0.0375026686588725,28.7888470623085,2.6649165899397,2.2102196990553,28.7513443936496
815,0.048388645874647,21.8865403372665,2.76248364501646,2.24597328257672,21.8381516913919
816,0.0965085615726631,17.012717082672,2.69852730879255,2.10197694507568,16.9162085210993
817,0.0554138548502207,26.1172451211907,2.6245706384372,2.08342424232745,26.0618312663404
818,0.0571126387015398,25.2260210710305,2.61853366465934,2.14843078057709,25.168908432329
819,0.0488432033518904,22.5547300779731,2.72658568085737,2.1217243707846,22.5058868746212
820,0.119130908250844,18.8217715798621,2.77761582317069,2.10181139366398,18.7026406716112
821,0.0003114172820784,2.03966391523253,0.0650654628159681,0.10462108235801,2.03935249795045
822,0.0006711076187027,1.88036413502774,0.0526621336863459,0.0711231371990585,1.87969302740904
823,0.0002125764731668,2.20289255077675,0.0534323385023416,0.0826539923440267,2.20267997430358
824,0.0003516813028445,1.70432963676585,0.0543858822448904,0.0714602874704218,1.70397795546301
825,0.0004250717985123,2.1684038146373,0.0591765922581729,0.0783424746536412,2.16797874283879
826,0.0002203827320182,2.10118192433867,0.0565792830659957,0.0670359648800071,2.10096154160666
827,0.0006609112439114,0.94730819401483,0.0519820584274853,0.0595384500662287,0.946647282770918
828,0.000558584761922,1.91147058205,0.0521926635981013,0.0656214673250138,1.91091199728808
829,0.0004772112941395,0.903452781695163,0.0524231114521935,0.0560581950367462,0.902975570401024
830,0.0005460847175917,1.27281714628269,0.0533179724875424,0.0586997006731385,1.2722710615651
831,0.0,2.45305703098945,0.36026627167411,0.419307333391236,2.45305703098945
832,0.0,2.2088086283999,0.35990805663425,0.413840445162637,2.2088086283999
833,0.0,2.61013800689345,0.358412738269465,0.414640524390674,2.61013800689345
834,0.0,2.51260996135433,0.36075902122689,0.417742254818589,2.51260996135433
835,0.0,2.64136556587518,0.363410811906886,0.415630517361069,2.64136556587518
836,0.0,2.53088705520892,0.363837327260125,0.417465232918569,2.53088705520892
837,0.0,2.47821083967777,0.361657660932189,0.418112555745005,2.47821083967777
838,0.0,2.41443784362751,0.359174978345566,0.419647116897902,2.41443784362751
839,0.0,2.4789911000003,0.362726436331966,0.425219103220789,2.4789911000003
840,0.0,2.41238982646553,0.364948426199729,0.425393825001737,2.41238982646553
841,0.0,1313.44844723035,71.0801172579737,120.074781060334,1313.44844723035
842,0.0,1138.1665964626,67.9899201118461,109.955792115267,1138.1665964626
843,0.0,1399.33836773948,65.9317192619275,108.425069638585,1399.33836773948
844,0.0,1032.62916826096,64.7222611948853,101.596655309744,1032.62916826096
845,0.0,1057.39148731065,67.7030865302773,110.60495665518,1057.39148731065
846,0.0,1128.56750021025,65.3708666967246,105.57310992797,1128.56750021025
847,0.0,1285.65689398527,66.9715831414192,110.63751518128,1285.65689398527
848,0.0,1022.23278876649,64.7237726841034,100.663979973275,1022.23278876649
849,0.0,1210.71489368251,69.3140131319562,115.668489494953,1210.71489368251
850,0.0,1438.53419733215,67.9263173997581,111.248395288623,1438.53419733215
851,0.0378515323298268,118.077330934389,6.37478315983269,7.34150187621557,118.039479402059
852,0.0949108553011795,117.284511093886,6.35265944042068,7.37597954089378,117.189600238585
853,0.0778945309947112,99.1079454920765,6.27954129653154,7.09428777168034,99.0300509610818
854,0.111616007120771,95.8212492942796,6.25475724869985,6.62249540923314,95.7096332871588
855,0.0467347391063978,87.1820294225576,6.1360386271018,6.41251933325541,87.1352946834512
856,0.045083690052702,71.2339362704702,6.22339414530638,6.48737634784147,71.1888525804175
857,0.100312916806431,86.842136307619,6.17075218774181,6.34411968627734,86.7418233908126
858,0.0572534166153629,93.333735257326,6.05423242864237,6.23394537572344,93.2764818407106
859,0.0510559196038926,75.6580941289002,5.99232705197633,5.95045379005799,75.6070382092963
860,0.0754328913134201,74.1205184759416,6.37560345993738,6.45474535537089,74.0450855846281
861,0.0,496.117745496857,15.1618172275192,31.0525890194512,496.117745496857
862,0.0,337.576240067325,15.1165879776703,27.6929065088464,337.576240067325
863,0.0873143760580198,303.082151233444,15.4687716392368,23.6652984720671,302.994836857386
864,0.0,362.795536204522,16.50019722214,27.354012458855,362.795536204522
865,0.0,396.629818279324,17.8418137730103,35.4961528070931,396.629818279324
866,0.0,468.001082135438,17.5702647381241,34.0110966991337,468.001082135438
867,0.0,463.680301344109,15.6121217980945,24.8936626995425,463.680301344109
868,0.0,291.65738079321,13.983471264518,19.3052995562213,291.65738079321
869,0.129034695864215,205.179138752835,12.7561820354018,16.0534384164828,205.05010405697
870,0.0,254.887117426811,13.0000391839327,19.7537184959319,254.887117426811
871,0.251124417785042,423.866247318839,27.4446563890741,32.1993412395004,423.615122901054
872,0.355463759549711,332.006434785237,27.5571055631575,30.8748312797871,331.650971025688
873,0.35593816330436,278.922256837092,27.0910867551283,27.454351707696,278.566318673787
874,0.287154245276339,365.442568635363,27.6436812757867,27.4501708753238,365.155414390087
875,0.424291397626379,371.821559118399,28.3725223785713,31.6251226731473,371.397267720773
876,0.172023551687844,373.891577779284,28.1060068184406,29.6103007883758,373.719554227596
877,0.348451749348297,321.641781499833,27.0415138551804,25.2737216717572,321.293329750485
878,0.206305150105878,315.086751735356,26.0607991904998,23.6311654557368,314.88044658525
879,0.532697613740806,252.772361083577,25.2833425025558,22.288176595455,252.239663469836
880,0.454047601067573,276.400568293686,25.6386618874219,23.5170232134568,275.946520692618
881,0.0759606305459175,53.0774031510714,4.25957671216231,5.00373279834589,53.0014425205255
882,0.108324845351934,63.1718535303348,4.38440372468979,5.14445088886981,63.0635286849828
883,0.0911667392517376,61.2366120207802,4.49781063269944,5.19648091820107,61.1454452815285
884,0.0572593800735752,57.7900108221031,4.5027630695444,5.18383896223999,57.7327514420295
885,0.0843990396541537,75.1085547709394,4.32997767583531,4.89885556108338,75.0241557312852
886,0.0539676340950844,83.1469012679941,4.05058313520407,4.60138148650534,83.092933633899
887,0.0469660669094685,78.4506505477589,3.99246937633928,4.5550081409086,78.4036844808495
888,0.0985113850587953,82.9885884959373,4.13163050334903,4.72056134101195,82.8900771108785
889,0.0934615515768707,87.0054668710635,4.43863093823465,4.80147490938169,86.9120053194867
890,0.103461431316467,50.5295551859846,4.60650318896573,5.02930288213122,50.4260937546681
891,0.0,364.475723013683,20.2963096293842,21.841801064033,364.475723013683
892,0.0,265.321073706772,19.6925013228772,18.6536940144194,265.321073706772
893,0.881503690460623,241.785830218155,19.576064930085,16.1931077460332,240.904326527694
894,0.0,340.561467963772,19.3311906900635,18.2441824672652,340.561467963772
895,0.0,308.691958946053,20.3104948087905,21.2840120766171,308.691958946053
896,0.0,401.75610406581,21.5800823895687,23.1625022028667,401.75610406581
897,0.0,290.267854413669,21.8048759429049,22.6485272401117,290.267854413669
898,0.0,311.059199571217,21.2962690682018,21.9224873219262,311.059199571217
899,0.242997385138987,289.379068857211,20.4659928006877,19.59862308177,289.136071472072
900,0.0,316.202839636756,19.1784862327847,19.2157116565391,316.202839636756
901,0.0,2.23617898615156,0.124432402887921,0.334322334871685,2.23617898615156
902,0.0,2.23617898615156,0.123315811614308,0.337667375604414,2.23617898615156
903,0.0,2.23617898615156,0.119533853582229,0.332404380197582,2.23617898615156
904,0.0,2.23617898615156,0.119704532340921,0.330832248121922,2.23617898615156
905,0.0,2.23617898615156,0.125050482897036,0.333436885007993,2.23617898615156
906,0.0,2.23617898615156,0.132942086495833,0.343511090857824,2.23617898615156
907,0.0,2.23617898615156,0.141362172094165,0.35320010758126,2.23617898615156
908,0.0,2.23617898615156,0.148743156941738,0.360643224601074,2.23617898615156
909,0.0,2.23617898615156,0.149706995687314,0.362380260950927,2.23617898615156
910,0.0,2.23617898615156,0.143309178728811,0.356856114635867,2.23617898615156
911,0.0677364372040691,46.9215972710727,3.76354971913334,4.29452803588221,46.8538608338687
912,0.0725925627885183,46.2525613119464,3.91824202255428,4.50634720363973,46.1799687491579
913,0.0960440317586854,51.2319973666457,3.92203098884082,4.52468522888869,51.135953334887
914,0.0584466299183373,53.2404441842963,3.92702616434361,4.5941874015885,53.1819975543779
915,0.0485801671316074,62.0756741661193,3.96899493567677,4.70679045821791,62.0270939989877
916,0.072674073832548,71.5956840695208,4.00377885638211,4.71912653749996,71.5230099956883
917,0.0680261870753272,53.9709324552051,4.00866409370536,4.59354527428589,53.9029062681298
918,0.07490379625526,51.8045475239476,4.06419230446294,4.64573089399317,51.7296437276923
919,0.0631772614479437,53.883195219339,4.0476673600075,4.65756907086201,53.820017957891
920,0.06236014513875,53.1832015419578,4.03009217272499,4.64121994700769,53.1208413968191
921,2.49958579037924e-06,0.0222805600280421,0.0013439486413805,0.0015666883889192,0.0222780604422517
922,2.3083603627147e-06,0.017143121631928,0.0010573528195349,0.0012519634148186,0.0171408132715653
923,2.20416656014846e-06,0.0182662849623191,0.001050348756851,0.0012368292312591,0.0182640807957589
924,4.46703084440303e-06,0.0163284178580784,0.0010433871110597,0.0012295525107836,0.016323950827234
925,3.53394666930639e-06,0.0126336937198112,0.001065448308347,0.0012383340375411,0.0126301597731419
926,2.65160161482038e-06,0.0130268282836652,0.0010587013231845,0.0012243358491882,0.0130241766820504
927,2.26079021162003e-06,0.013816714382347,0.0010484866612394,0.001227774860884,0.0138144535921354
928,3.57228075897623e-06,0.0147865160240454,0.0010405960894551,0.0012072604395254,0.0147829437432864
929,4.01258536080409e-06,0.0159989460828803,0.0010347289493164,0.0012053008800351,0.0159949334975195
930,2.22620098818827e-06,0.0177138732359706,0.0010503685671996,0.0012425440321459,0.0177116470349824
931,14.1503561184017,61767.9211600566,1544.56453465663,2587.26968652322,61753.7708039382
932,17.6797856738188,43002.6685631127,1531.29913684623,2482.71209837492,42984.9887774389
933,24.321816333875,42127.030607227,1541.53634245606,2460.59232764062,42102.7087908931
934,13.2338237625132,77244.0565988436,1565.13954058794,2514.3286395352,77230.822775081
935,18.0885595806138,73657.7135781198,1608.72711391039,2734.41747770978,73639.6250185392
936,19.6187213159833,68482.046790987,1610.17760508697,2686.16749372398,68462.428069671
937,24.7524587970433,51685.7132110387,1643.74235374019,2755.69188814038,51660.9607522417
938,15.094312858749,56292.6746781583,1661.29201018935,2817.09017767276,56277.5803652996
939,16.1948458525673,53161.6118502964,1700.55353321643,2887.31732754614,53145.4170044439
940,22.8296809048102,69528.7367736474,1693.0986676119,2942.96820826888,69505.9070927426
941,0.0003462609423132,2.57543815615559,0.112128036748648,0.214990825775009,2.57509189521328
942,0.0002048180732242,2.59664123654326,0.111683567052928,0.216347421099402,2.59643641847003
943,0.000196587070382,2.55501946464172,0.110965862596936,0.215366702567949,2.55482287757134
944,0.0002354706669606,2.52374490175609,0.110295526193934,0.213983207021044,2.52350943108913
945,0.0001488289667391,2.49461427194579,0.109113908337628,0.212922949229164,2.49446544297905
946,0.0002286512484914,2.49769474062198,0.108051553585019,0.211684471764264,2.49746608937349
947,9.61391694720075e-05,2.4841820662303,0.107696093552269,0.21061333761816,2.48408592706083
948,0.0001542234679518,2.45717785553284,0.107980717409287,0.210682463790088,2.45702363206488
949,0.0001189629871301,2.461401440403,0.108267394366105,0.210818307466099,2.46128247741587
950,0.0002964669601905,2.50232500550876,0.109149781230633,0.212216249144525,2.50202853854857
951,0.0231340956198407,13.9866854296225,1.09595112974097,1.17465088309801,13.9635513340027
952,0.0109767129996357,16.8687136156953,1.10780102730446,1.22962412132468,16.8577369026956
953,0.0135882408115608,11.5851969705339,1.06109057966097,1.03069992081107,11.5716087297223
954,0.0120918562512857,6.15636191303823,0.949412946750979,0.851535247483728,6.14427005678694
955,0.0239683327548404,7.70167484064685,1.0223211821206,0.847893191272806,7.67770650789201
956,0.02673572373402,7.42277783510127,1.03182537849338,0.895546343001545,7.39604211136725
957,0.0380299199010026,8.47755960994907,1.1359167789317,0.917129811875819,8.43952969004807
958,0.0235655732487387,8.82240552578319,1.20926853649072,0.99780734543153,8.79883995253445
959,0.022343327644998,8.3247216933574,1.15700825952322,0.932395990672445,8.3023783657124
960,0.0230355212564516,6.3919081934392,1.09828388386871,0.887193058813748,6.36887267218275
961,0.0677364372040691,46.9215972710727,3.76354971913334,4.29452803588221,46.8538608338687
962,0.0582294263873737,43.8953795415762,3.37219180066862,3.90664719511129,43.8371501151888
963,0.0517471432935414,50.4848459434363,3.37714788505026,3.93627933825288,50.4330988001428
964,0.0868299712342114,51.5788768997665,3.38800026363874,3.94700178658657,51.4920469285323
965,0.0653618204373853,50.6862706851531,3.42387186313476,4.03844179166243,50.6209088647157
966,0.0393790058717091,50.8522800128794,3.4222881195174,4.00410671830859,50.8129010070077
967,0.0596232647918229,50.5146208336547,3.45125374216643,3.94948283729224,50.4549975688629
968,0.0364274947553459,47.0958442166729,3.51002169566929,4.03718954965931,47.0594167219175
969,0.0483923540148272,49.2372946939544,3.53591129044496,4.0835431289309,49.1889023399395
970,0.0148629613207799,47.9329088970191,3.51057906452977,3.99061958373882,47.9180459356983
971,0.041874732383186,68.1090607095363,4.43329478348859,5.68722786124011,68.0671859771531
972,0.0324118374603074,68.9839727057857,4.47682334325382,5.79547585261905,68.9515608683254
973,0.0267807875796961,67.8946405195656,4.47855413776117,5.81521875601809,67.8678597319859
974,0.0225568671618511,65.9889383110402,4.39354477952148,5.63501980135393,65.9663814438784
975,0.0481320935755831,67.9787975877074,4.39678306433754,5.60697623441903,67.9306654941319
976,0.0381887100772525,69.0736846053785,4.42084079780732,5.63877197311373,69.0354958953013
977,0.0215735319498962,71.2249820824685,4.48174033113142,5.88836433401964,71.2034085505186
978,0.0168487159135724,71.3377160266441,4.43647850959528,5.75797972168396,71.3208673107305
979,0.0562027746215623,75.5818057410411,4.48614657648429,5.77582043409843,75.5256029664196
980,0.0310926049946583,77.3821401108178,4.45140484600093,5.72535721339951,77.3510475058231
