,gradient_max,gradient_min,gradient_mean,gradient_stdev
0,179.99999999999997,0.0,0.23477979276536134,4.1537514495565295
1,179.99999999999997,0.0,0.2347797927710668,4.1537514495550685
2,179.99999999999997,0.0,0.23477979277082217,4.1537514495555525
3,179.99999999999994,0.0,0.2347797927725323,4.1537514495550365
4,179.99999999999994,0.0,0.23477979277248656,4.153751449554927
5,179.99999999999994,0.0,0.23477979277078062,4.15375144955504
6,179.99999999999994,0.0,0.2347797927687087,4.153751449555637
7,179.99999999999994,0.0,0.23477979277013658,4.153751449555374
8,179.99999999999994,0.0,0.23477979277112443,4.153751449555339
9,179.99999999999997,0.0,0.23477979277091793,4.153751449555312
10,179.99999997518077,0.0,0.23478340757199695,4.153750475405395
11,179.9999999825859,0.0,0.234783833624058,4.15375042739582
12,179.9999999724287,0.0,0.23478407155715186,4.153750394801793
13,179.99999996956444,0.0,0.23478544964448675,4.153750120414911
14,179.9999999727386,0.0,0.23478811256836787,4.153749691428406
15,179.9999999776676,0.0,0.23478729441435447,4.153749824586832
16,179.99999998161675,0.0,0.234790722695586,4.153748779858984
17,179.99999998353465,0.0,0.23478845332810533,4.153749455771312
18,179.9999999833331,0.0,0.23478761434396633,4.15374960913965
19,179.9999999796457,0.0,0.23478611149010656,4.1537499222649545
20,179.73233976960182,0.0,0.25434008152233956,4.152303051980306
21,179.5265003144741,0.0,0.2540480087443284,4.152291707525874
22,179.54858830571175,0.0,0.25491241861099534,4.1522091889649815
23,179.5294526219368,0.0,0.25455616880886983,4.152253486098954
24,179.4094375371933,0.0,0.25508681267327854,4.152257727361507
25,179.44192498922348,0.0,0.2551809903465455,4.152246825847209
26,179.6369273364544,0.0,0.2546180040458449,4.1523094286680395
27,179.46752434968948,0.0,0.2541795581477467,4.152290870711294
28,179.56810933351517,0.0,0.2536981553566376,4.1522863689620735
29,179.38160645961761,0.0,0.25419593127590917,4.152268627043061
30,179.88742638379335,0.0,0.31430218281680994,4.143406333745084
31,179.6979991197586,0.0,0.31477495929252747,4.1433619140992635
32,179.990135894157,0.0,0.31582274743821404,4.143491904980166
33,179.99697285238653,0.0,0.3150679637845127,4.143522680284122
34,179.99675524164923,0.0,0.3158333641508187,4.143413431559096
35,179.9893929278478,0.0,0.3170290825434631,4.143269173209772
36,179.9675254151225,0.0,0.31832098606160425,4.143284045455969
37,179.94309294223785,0.0,0.316977676296037,4.143421437429252
38,179.91033969819546,0.0,0.3155093405706712,4.143391070320946
39,179.86010000109673,0.0,0.31563908928289003,4.14343692690653
40,180.0,0.0,0.26305308836274494,4.151148276937845
41,180.0,0.0,0.2611546724107183,4.151336564011632
42,180.0,0.0,0.261861702062828,4.151312161442896
43,180.0,0.0,0.261555641593403,4.151362168703566
44,180.0,0.0,0.2616591870899016,4.151351915088346
45,179.98558708187193,0.0,0.2619008236566702,4.151335880131866
46,180.0,0.0,0.26231911629687893,4.151167212262923
47,180.0,0.0,0.2623774397921546,4.151092321718288
48,180.0,0.0,0.2621908627091279,4.151123296380867
49,180.0,0.0,0.26138323780783157,4.15127166895762
50,179.9999999999998,0.0,0.23477979295509518,4.153751449503905
51,179.99999999999972,0.0,0.23477979306217275,4.153751449453321
52,179.9999999999997,0.0,0.23477979315442493,4.153751449399336
53,179.99999999999955,0.0,0.23477979310929742,4.153751449424187
54,179.9999999999996,0.0,0.2347797930566449,4.153751449460445
55,179.99999999999963,0.0,0.23477979309166402,4.153751449429956
56,179.99999999999957,0.0,0.23477979305492752,4.153751449452926
57,179.99999999999955,0.0,0.2347797930355846,4.153751449461292
58,179.99999999999963,0.0,0.23477979309972033,4.153751449412376
59,179.99999999999986,0.0,0.2347797932920845,4.1537514492871805
60,261.2630996704102,0.0,8.513668049772866,5.858634872383939
61,259.1664123535156,0.0,5.473942893682919,5.281342452315806
62,257.6524505615234,0.0,5.358384204421237,5.29405700091259
63,249.27723693847662,0.0,5.34364314075801,5.104234411271744
64,240.4206466674805,0.0,5.382217213400858,4.8790488903605755
65,254.995361328125,0.0,5.4199447691949345,5.279044529384005
66,260.1462020874023,0.0,5.350990696050449,5.368535646662579
67,259.5267715454102,0.0,5.3690015668569595,5.36420955340783
68,258.1071166992188,0.0,5.389274141962219,5.319158314929416
69,256.2723541259766,0.0,5.401819151345738,5.2493688184860465
70,256.7785339355469,0.0,6.9519399937653965,5.409449901453153
71,258.8402481079102,0.0,7.170189963823585,5.437417398692646
72,257.2724380493164,0.0,7.106294717084163,5.483510193741554
73,257.3741073608398,0.0,7.094485792711315,5.45957493132211
74,257.6432495117188,0.0,6.945287087111668,5.51875737463371
75,258.0189590454102,0.0,6.854778818106352,5.501240080225799
76,258.3731689453125,0.0,7.124242478682448,5.4899896126602235
77,258.7543106079102,0.0,7.212307623597733,5.453786512917131
78,258.8664321899414,0.0,7.0098055907747865,5.475779370844017
79,258.9244613647461,0.0,6.9640649275787965,5.498295096540473
80,599.402633666993,0.0,15.388660800017792,19.899362487860802
81,637.484664916993,0.0,14.615574218454963,17.940938558203833
82,627.530807495117,0.0,14.403790139834474,17.915791545022646
83,637.990097045899,0.0,13.67678059929201,16.92198967476877
84,521.0035705566399,0.0,13.966128637787149,16.889482429261278
85,528.915252685547,0.0,14.86393847958716,18.33642612646142
86,627.229675292969,0.0,14.076322038856564,16.974595024649325
87,571.2277374267579,0.0,14.035064558620554,17.77204123830781
88,421.114776611329,0.0,13.907524982504556,17.02282216579906
89,583.248428344727,0.0,15.061524882953503,18.74191790839316
90,31023.5771484375,0.0,496.9722873472347,1126.5539492988098
91,31023.5771484375,0.0,496.9722873472347,1126.5539492988098
92,31023.5771484375,0.0,496.9722873472347,1126.5539492988098
93,31023.5771484375,0.0,496.9722873472347,1126.5539492988098
94,31023.5771484375,0.0,496.9722873472347,1126.5539492988098
95,31023.5771484375,0.0,496.9722873472347,1126.5539492988098
96,31023.5771484375,0.0,496.9722873472347,1126.5539492988098
97,31023.5771484375,0.0,496.9722873472347,1126.5539492988098
98,31023.5771484375,0.0,496.9722873472347,1126.5539492988098
99,31023.5771484375,0.0,496.9722873472347,1126.5539492988098
100,179.9999999999998,0.0,0.23477979283753986,4.153751449540349
101,179.99999999999972,0.0,0.23477979286685344,4.153751449532549
102,179.99999999999972,0.0,0.23477979286031556,4.153751449536708
103,179.99999999999957,0.0,0.23477979286935258,4.1537514495338215
104,179.99999999999963,0.0,0.23477979287158723,4.153751449533471
105,179.99999999999966,0.0,0.2347797928663729,4.153751449533513
106,179.9999999999996,0.0,0.23477979286167466,4.153751449534212
107,179.99999999999957,0.0,0.2347797928650263,4.153751449533183
108,179.99999999999963,0.0,0.23477979286593229,4.153751449533631
109,179.99999999999986,0.0,0.23477979286577466,4.153751449533154
110,179.99999999999972,0.0,0.23477979280641167,4.153751449547903
111,179.99999999999937,0.0,0.2347797928199994,4.153751449541207
112,179.99999999999983,0.0,0.2347797928036949,4.153751449547173
113,179.9999999999998,0.0,0.23477979280593694,4.153751449546294
114,179.9999999999998,0.0,0.23477979279428912,4.153751449550442
115,179.9999999999998,0.0,0.2347797928029297,4.153751449548318
116,179.99999999999986,0.0,0.23477979280303568,4.153751449548354
117,179.9999999999999,0.0,0.23477979281346387,4.1537514495477135
118,179.99999999999974,0.0,0.2347797928391205,4.153751449541489
119,179.9999999999998,0.0,0.23477979283619183,4.153751449539076
120,180.0,0.0,0.23477979494292053,4.153751449329019
121,180.0,0.0,0.2347797948853319,4.15375144935341
122,180.0,0.0,0.23477979493343026,4.153751449346315
123,180.0,0.0,0.2347797948688654,4.1537514493645205
124,180.0,0.0,0.23477979498438914,4.153751449360062
125,180.0,0.0,0.23477979520120462,4.153751449324782
126,180.0,0.0,0.23477979503845167,4.153751449329233
127,180.0,0.0,0.2347797951321101,4.153751449316913
128,180.0,0.0,0.23477979499609972,4.153751449330203
129,180.0,0.0,0.23477979495006612,4.153751449343274
130,180.0,0.0,0.23477979947727987,4.153751447703766
131,179.9999999999701,0.0,0.23477979740722674,4.153751448644555
132,179.99999999995552,0.0,0.23477979700079668,4.153751448622284
133,179.9999999973282,0.0,0.23477979691301226,4.153751448693032
134,179.9999999952159,0.0,0.2347797971438704,4.153751448756926
135,179.9999999987117,0.0,0.23477979738864793,4.153751448695789
136,179.99999999999872,0.0,0.2347797968459722,4.15375144876958
137,179.99999999999864,0.0,0.23477979690243375,4.153751448786113
138,179.99999999934707,0.0,0.23477979689509046,4.153751448732594
139,179.99999999862646,0.0,0.23477979686029335,4.153751448822125
140,180.0,0.0,0.2347797927650379,4.153751449548472
141,180.0,0.0,0.2347797928125212,4.153751449532847
142,180.0,0.0,0.23477979276943312,4.153751449550622
143,180.0,0.0,0.23477979278747726,4.153751449540285
144,180.0,0.0,0.23477979280605832,4.1537514495362995
145,180.0,0.0,0.23477979278898506,4.153751449540505
146,180.0,0.0,0.2347797927715441,4.153751449547305
147,180.0,0.0,0.23477979277644934,4.153751449544748
148,180.0,0.0,0.23477979278555494,4.153751449544589
149,180.0,0.0,0.23477979280020528,4.153751449539221
150,180.0,0.0,0.23477979432682336,4.153751449227161
151,179.9999999999701,0.0,0.23477979411057134,4.15375144930428
152,179.99999999995552,0.0,0.23477979390741904,4.153751449356064
153,179.9999999973282,0.0,0.23477979418842768,4.153751449299902
154,179.9999999952159,0.0,0.23477979434649893,4.153751449237365
155,179.9999999987117,0.0,0.23477979439677799,4.153751449219171
156,179.99999999999872,0.0,0.2347797941732496,4.153751449300977
157,179.99999999999864,0.0,0.23477979402040788,4.153751449331518
158,179.99999999934707,0.0,0.2347797941602663,4.153751449297619
159,179.99999999862646,0.0,0.23477979411440797,4.15375144931737
160,179.99999999915647,0.0,0.2347797935167354,4.153751449433615
161,179.99999999811072,0.0,0.23477979345627528,4.153751449465877
162,179.99999999965345,0.0,0.23477979345717817,4.153751449455323
163,179.99999999816546,0.0,0.234779793491281,4.153751449453973
164,179.9999999983911,0.0,0.23477979348327613,4.153751449454057
165,179.99999999470035,0.0,0.23477979341821786,4.1537514494623915
166,179.99999999844997,0.0,0.23477979328810528,4.153751449484259
167,179.99999999619598,0.0,0.23477979323503245,4.1537514494853465
168,179.99999999838278,0.0,0.23477979325194634,4.153751449487992
169,179.9999999979083,0.0,0.2347797933740038,4.153751449471435
170,180.0,0.0,0.23477979359778442,4.153751449322808
171,180.0,0.0,0.23477979353684117,4.153751449342524
172,180.0,0.0,0.23477979360564188,4.15375144932134
173,180.0,0.0,0.2347797935798215,4.153751449329918
174,180.0,0.0,0.23477979353256637,4.153751449344118
175,180.0,0.0,0.23477979350687958,4.153751449350489
176,180.0,0.0,0.2347797935263533,4.1537514493443135
177,180.0,0.0,0.23477979352170752,4.153751449344195
178,180.0,0.0,0.23477979352503464,4.1537514493424395
179,180.0,0.0,0.2347797935254598,4.1537514493452505
180,180.0,0.0,0.23477979478478594,4.1537514491841145
181,180.0,0.0,0.23477979489439718,4.1537514491662195
182,180.0,0.0,0.2347797946426737,4.15375144920551
183,180.0,0.0,0.23477979471208585,4.15375144919369
184,180.0,0.0,0.23477979513572222,4.153751449131041
185,180.0,0.0,0.2347797955531801,4.153751449063727
186,180.0,0.0,0.23477979555295167,4.1537514490610565
187,180.0,0.0,0.23477979541504096,4.1537514490712475
188,180.0,0.0,0.2347797949896932,4.153751449143333
189,180.0,0.0,0.23477979472642235,4.153751449195569
190,180.0,0.0,0.23477979300121432,4.153751449526146
191,180.0,0.0,0.234779792955397,4.153751449534204
192,180.0,0.0,0.23477979299508364,4.1537514495270385
193,180.0,0.0,0.2347797929599814,4.1537514495328685
194,180.0,0.0,0.23477979291672035,4.153751449538734
195,180.0,0.0,0.23477979290459094,4.153751449539616
196,180.0,0.0,0.23477979291990236,4.1537514495378804
197,180.0,0.0,0.23477979293478735,4.153751449536516
198,180.0,0.0,0.23477979295428472,4.153751449534159
199,180.0,0.0,0.23477979296015733,4.153751449535388
200,179.99999999993736,0.0,0.23477979283842948,4.153751449548826
201,179.99999999995896,0.0,0.23477979286786707,4.15375144954376
202,179.99999999994014,0.0,0.23477979285713604,4.1537514495467995
203,179.99999999997084,0.0,0.2347797928618181,4.15375144954651
204,179.99999999995663,0.0,0.23477979286055364,4.153751449546821
205,179.99999999996166,0.0,0.2347797928595543,4.153751449546418
206,179.99999999996984,0.0,0.23477979286079528,4.15375144954558
207,179.99999999996848,0.0,0.23477979286179382,4.153751449545784
208,179.99999999996032,0.0,0.23477979286267506,4.153751449546015
209,179.99999999991505,0.0,0.2347797928664506,4.153751449544534
210,179.99999999998343,0.0,0.23477979274896382,4.153751449560298
211,179.99999999998326,0.0,0.2347797927498097,4.153751449560158
212,179.99999999998212,0.0,0.23477979274974434,4.153751449560206
213,179.9999999999803,0.0,0.2347797927500056,4.153751449560166
214,179.99999999998292,0.0,0.23477979274993596,4.153751449560158
215,179.9999999999866,0.0,0.23477979274974034,4.153751449560199
216,179.99999999998963,0.0,0.23477979274985408,4.153751449560155
217,179.99999999999008,0.0,0.23477979274978336,4.153751449560181
218,179.99999999998235,0.0,0.2347797927496447,4.153751449560217
219,179.99999999998457,0.0,0.23477979274969454,4.153751449560191
220,179.9999999999797,0.0,0.23477979274737978,4.153751449560509
221,179.99999999999795,0.0,0.23477979274712468,4.153751449560536
222,179.99999999998514,0.0,0.23477979274734184,4.153751449560532
223,179.9999999999944,0.0,0.2347797927472469,4.1537514495605485
224,179.99999999999798,0.0,0.23477979274722935,4.1537514495605405
225,179.9999999999991,0.0,0.23477979274719007,4.1537514495605325
226,179.99999999999932,0.0,0.23477979274703828,4.153751449560559
227,179.99999999999957,0.0,0.23477979274704527,4.1537514495605485
228,179.99999999999912,0.0,0.23477979274702268,4.153751449560547
229,179.99999999999937,0.0,0.23477979274707253,4.153751449560527
230,179.99999999999997,0.0,0.23477979274650262,4.153751449560647
231,179.99999999999997,0.0,0.23477979274641683,4.1537514495606525
232,179.99999999999997,0.0,0.23477979274649471,4.153751449560652
233,179.99999999999997,0.0,0.2347797927464952,4.153751449560652
234,179.99999999999997,0.0,0.23477979274649705,4.15375144956065
235,179.99999999999997,0.0,0.23477979274648236,4.1537514495606445
236,179.99999999999997,0.0,0.234779792746459,4.153751449560648
237,179.99999999999997,0.0,0.23477979274644017,4.153751449560647
238,179.99999999999997,0.0,0.23477979274641173,4.15375144956065
239,179.99999999999997,0.0,0.234779792746389,4.153751449560655
240,180.3751405775547,0.0,3.540702466213467,4.895958820901222
241,180.93285077810287,0.0,3.478674542387784,4.68812059174636
242,180.55878627300262,0.0,3.5430757681508993,4.597487459314911
243,180.6872563958168,0.0,3.379757648494869,4.416912038689444
244,180.0,0.0,3.5238038311049387,4.581660902983678
245,180.0,0.0,3.6761677556662566,4.900790559715383
246,180.0,0.0,3.8367973739856303,5.0629789537874625
247,180.0,0.0,3.96579208560527,4.884266426866851
248,180.0,0.0,3.899438742261098,4.756829122639059
249,180.07218139618635,0.0,3.629848696723976,4.648815087112553
250,180.0128097012639,0.0,0.24225951800135698,4.153390061712264
251,180.02100537531078,0.0,0.24206366709361937,4.1533816167243645
252,180.01406442932785,0.0,0.24168102698601254,4.153379269042962
253,180.03561180457473,0.0,0.24226050384695857,4.153312599694277
254,180.01596739329398,0.0,0.24196852238401878,4.153391403394184
255,180.015187936835,0.0,0.24173722883017176,4.153468487154677
256,180.02826429530978,0.0,0.24213541218307758,4.153303938600852
257,180.01466769352555,0.0,0.2419419264670146,4.153517464432753
258,180.02917298674583,0.0,0.24269649461487955,4.153305601416276
259,180.02492181397974,0.0,0.24189150506239637,4.153440075059086
260,180.01744785159826,0.0,0.2407473940332927,4.152989918871489
261,180.01448209118098,0.0,0.24048207970486957,4.152872728560842
262,180.01157662831247,0.0,0.2403805973255327,4.1530047129022485
263,180.0100388340652,0.0,0.2405458774615804,4.152613129830486
264,180.01453235652298,0.0,0.24077943010325206,4.152904528608129
265,180.01866914331913,0.0,0.24041016534925566,4.15297088469516
266,180.0109177539125,0.0,0.24098048525470858,4.152668308762054
267,180.0217673368752,0.0,0.24085622807377588,4.152943227410259
268,180.01500000059605,0.0,0.24123348864193772,4.152593990981804
269,180.01650212332606,0.0,0.24058727737255067,4.152782812295682
270,179.99950680765323,0.0,0.23986850576314384,4.152946454251954
271,179.9999745383866,0.0,0.23984002701010196,4.152968044205729
272,179.99995740575105,0.0,0.23973573066658407,4.152954153653667
273,179.99997964671093,0.0,0.23977023597610844,4.152964066732357
274,179.9999975545802,0.0,0.23980198067416772,4.15298825079939
275,179.99999974403704,0.0,0.2396042137135675,4.153038659202826
276,179.9999983125814,0.0,0.23960756310696654,4.153040836767537
277,179.99999633652578,0.0,0.2397645648068697,4.153002350829537
278,179.9999933653694,0.0,0.239797171302805,4.152981089441369
279,179.99998953344584,0.0,0.23978311099421984,4.152987856488594
280,180.0,0.0,0.23885080508365822,4.153229427023278
281,180.0,0.0,0.23940109466931866,4.153178002610024
282,180.0,0.0,0.23867517279160064,4.153262924360329
283,180.0,0.0,0.23857724010892015,4.153284571603165
284,180.0,0.0,0.23897871543839963,4.153259878439635
285,179.99999999999997,0.0,0.23908232089502696,4.153249777150104
286,180.0,0.0,0.2396276651463146,4.1532011693245785
287,180.0,0.0,0.24028202379939334,4.153139671866579
288,180.0,0.0,0.24047342046633022,4.153105611954206
289,180.0,0.0,0.2398937155428289,4.153151472414214
290,180.0,0.0,0.24757034718840934,4.152089337001179
291,180.0,0.0,0.24760671781407387,4.152033947775135
292,180.0,0.0,0.24709479746532845,4.152167670127546
293,180.0,0.0,0.24686514147640787,4.152208066501218
294,180.0,0.0,0.24705218915689142,4.152151374435784
295,180.0,0.0,0.2473491147346235,4.152130815313064
296,180.0,0.0,0.24732132557944156,4.152124573182051
297,180.0,0.0,0.2471561359362709,4.1521351936041055
298,180.0,0.0,0.24706192360679907,4.1521191168037195
299,180.0,0.0,0.2475150806741364,4.15206193041948
300,419.34970092773403,0.0,1.2999551887476517,10.037604087273312
301,399.34268188476597,0.0,1.236343870200025,9.429151697422055
302,410.252426147461,0.0,1.2686672108778683,9.759374477900078
303,401.19868469238304,0.0,1.2517190268483054,9.486174594602158
304,398.144836425781,0.0,1.2478873056108128,9.397552270533216
305,399.866317749023,0.0,1.2212892137317726,9.445793519484354
306,394.96598815918003,0.0,1.2159638849564791,9.29925646732981
307,395.614883422852,0.0,1.2115806057045504,9.31803648494242
308,392.18179321289097,0.0,1.1997220518950014,9.219036173029417
309,392.20979309081997,0.0,1.188047426489487,9.220377381991357
310,184.29752779006958,0.0,1.667450079681894,3.948297252327407
311,180.94542360305786,0.0,1.5865379677901645,4.132368174762951
312,181.35563385486603,0.0,1.5366213627519294,3.9453353271784564
313,181.17716813087463,0.0,1.5621175677281496,4.012974485966278
314,184.5160355567932,0.0,1.6160149404533382,4.00243137386749
315,183.37964153289795,0.0,1.6177621991542785,3.998579926178387
316,183.38702130317688,0.0,1.611029706832587,3.958512973248005
317,182.13918375968933,0.0,1.602138833332373,3.9707995838431023
318,181.3894692659378,0.0,1.6056854273694443,3.9970378166074796
319,181.08564364910126,0.0,1.6158243068832359,4.060177713252593
320,181.59939754009247,0.0,1.3084383478723862,4.003084358155871
321,180.13839162886143,0.0,1.1838718057770399,4.084156722717172
322,180.22947950661182,0.0,1.1618206393270567,3.9829045130577785
323,182.1752827167511,0.0,1.145397547228772,4.019689634792324
324,184.98347854614258,0.0,1.2039437021671795,4.00797219207478
325,181.1711004972458,0.0,1.2374731855382604,4.019299578192031
326,180.5198467373848,0.0,1.2293387565292886,4.0128040271053855
327,182.40882396697998,0.0,1.186056573611986,4.0296828541341405
328,182.97758269309998,0.0,1.1880231681974247,4.017014242731724
329,181.88029599189758,0.0,1.1987987891246696,4.032900748553858
330,186.5938048362732,0.0,1.3898287507558724,4.02573480718803
331,182.3423969745636,0.0,1.198972699556591,4.147808186387985
332,186.9191131591797,0.0,1.2505329194987354,4.081907894118589
333,182.94711875915527,0.0,1.300185268480565,4.080013916110631
334,183.48128938674927,0.0,1.308018922441896,4.020830676826147
335,183.76228857040405,0.0,1.2647370385870713,4.04120559893235
336,186.44632148742676,0.0,1.2257563148253592,4.044185770380344
337,185.4747929573059,0.0,1.2414169389244465,4.063312326156689
338,184.18451976776123,0.0,1.2493797532858255,4.077439794283276
339,180.5876668691635,0.0,1.2128608648353667,4.087607413072016
340,184.28856372833252,0.0,1.0765691318530237,4.170129008371207
341,181.5742530822754,0.0,0.9195767948051042,4.1401057026197865
342,183.6288285255432,0.0,0.9250605464452626,4.19154344524636
343,182.265545129776,0.0,0.9140461247710853,4.150931489758021
344,182.74180388450623,0.0,0.9122709871811412,4.153398172587661
345,182.200781583786,0.0,0.9197019121047327,4.189053125660623
346,182.324072599411,0.0,0.9250600651491984,4.184861732456061
347,183.84685564041138,0.0,0.9095476686808847,4.126090119071513
348,184.60725593566895,0.0,0.9190153319230863,4.120769521839606
349,183.5622911453247,0.0,0.9128639804800079,4.122232737480029
350,179.51366466283798,0.0,0.37972453170315484,4.140399877114032
351,179.73442631959915,0.0,0.38634874561875054,4.140534095364841
352,180.0,0.0,0.3743961840432209,4.141950185088514
353,179.3871493935585,0.0,0.3841512395837498,4.139419368487127
354,179.41038572788239,0.0,0.3844269584570802,4.139724543141184
355,179.58482122421265,0.0,0.38498996625987314,4.138989699457807
356,179.94976188987494,0.0,0.380197832318871,4.140937729377921
357,179.51023077964783,0.0,0.38277136486638047,4.138579597984996
358,179.53780829906464,0.0,0.382265450545877,4.139017269674054
359,179.45858746767044,0.0,0.3841107587403842,4.139187769404545
360,179.9999999971235,0.0,0.2347798059820265,4.153751447219824
361,179.99999999761854,0.0,0.2347798051552974,4.15375144736173
362,179.99999999591998,0.0,0.2347798034897811,4.153751447722017
363,179.9999999953666,0.0,0.2347798041612834,4.153751447697337
364,179.9999999960633,0.0,0.2347798018133423,4.153751448176745
365,179.9999999967503,0.0,0.23477980246597183,4.15375144799569
366,179.9999999973232,0.0,0.23477980336031368,4.153751447917942
367,179.99999999787187,0.0,0.23477980539257703,4.1537514476667035
368,179.99999999786928,0.0,0.23477980976048254,4.153751447054514
369,179.99999999771603,0.0,0.2347798073526384,4.153751447274234
370,179.99999997923464,0.0,0.23477988335640093,4.153751433043535
371,179.99999998091417,0.0,0.23477987985463616,4.153751431942058
372,179.9999999710572,0.0,0.2347798664190979,4.153751436242308
373,179.99999996749213,0.0,0.23477987682024762,4.153751434603183
374,179.99999997295052,0.0,0.2347798530101895,4.153751439497467
375,179.9999999781364,0.0,0.2347798647135154,4.1537514367542485
376,179.99999998168434,0.0,0.23477987152726834,4.153751436634683
377,179.99999998517595,0.0,0.2347799034758887,4.153751432448944
378,179.99999998450298,0.0,0.23477995462044207,4.153751424313752
379,179.9999999820943,0.0,0.23477991988053973,4.153751427355269
380,179.99999936258098,0.0,0.23477989219720016,4.153751438661742
381,179.99999973682557,0.0,0.2347799269533104,4.153751433864738
382,179.99999924142418,0.0,0.23477989879274708,4.153751438059669
383,179.9999992737621,0.0,0.23477991398176823,4.153751436624119
384,179.99999954793708,0.0,0.23477991826072947,4.1537514364870525
385,179.99999964454437,0.0,0.23477993387863155,4.153751435011776
386,179.99999976094878,0.0,0.23477994017093987,4.153751434978646
387,179.9999998102088,0.0,0.23477994814181022,4.153751434635688
388,179.99999980226892,0.0,0.2347799555588641,4.15375143371512
389,179.99999976425565,0.0,0.2347799475827668,4.153751434190308
390,290.737167358398,0.0,3.56359810017963,6.341258535476883
391,271.5673828125,0.0,3.4525292825273346,5.7574073685552305
392,280.916313171387,0.0,3.4523142987994135,6.064081917639757
393,278.4336166381836,0.0,3.380278518437378,5.966388572637434
394,277.4506149291992,0.0,3.333460025219102,5.955464041869014
395,286.770957946777,0.0,3.3529699526782952,6.210112881910312
396,266.7155990600586,0.0,3.347141335253477,5.659213821450543
397,278.3127975463867,0.0,3.3942504539939953,5.9380138257890085
398,262.0231704711914,0.0,3.2922185208170185,5.498690504708809
399,265.0879745483398,0.0,3.3003465224424176,5.589098358211138
400,256.5617523193359,0.0,2.084431874885872,5.378082663295112
401,225.1121978759766,0.0,2.056318948091484,4.658346879926195
402,237.5139541625977,0.0,2.0737039920030544,4.943905621120976
403,221.7740249633789,0.0,2.058153998494903,4.612393604428314
404,215.9005546569824,0.0,2.0549019157165893,4.492169211881551
405,218.596607208252,0.0,2.0939627244991343,4.518681730343947
406,216.3529014587402,0.0,2.2034055306289346,4.582706365302838
407,219.9103317260742,0.0,2.2195967222656683,4.6251739698773155
408,218.8338432312012,0.0,2.0945828164647247,4.53398761916147
409,216.023551940918,0.0,1.9565347918300153,4.465827118167714
410,251.90736389160162,0.0,2.7299230582904874,5.193793231979978
411,214.3632698059082,0.0,2.6741009174439165,4.41515171040047
412,234.2619209289551,0.0,2.655829258070091,4.806868300593485
413,212.2503356933594,0.0,2.5934456084041537,4.407555732701472
414,205.0045108795166,0.0,2.6058237344097877,4.269833332526495
415,200.8072376251221,0.0,2.7680603322472748,4.238184570240506
416,208.2087306976318,0.0,2.9499209116658673,4.416278016337442
417,199.6170749664307,0.0,2.9247521868613258,4.296264342927252
418,207.6595249176025,0.0,2.792488511491172,4.337634092234036
419,204.7720012664795,0.0,2.6008166359972362,4.298681275101639
420,347.364685058594,0.0,2.535159196157736,7.927382002190323
421,304.023719787598,0.0,2.478393516735435,6.634935905517337
422,333.851196289062,0.0,2.5862982318054057,7.526300796208409
423,316.601806640625,0.0,2.50771676056263,7.0187045611966585
424,306.708557128906,0.0,2.5164356005212394,6.721276070625604
425,306.448364257812,0.0,2.6030781918650883,6.7269533141881235
426,295.464584350586,0.0,2.553339516594963,6.37338575330764
427,297.552543640137,0.0,2.5479067066447376,6.434032287035292
428,290.579467773438,0.0,2.483483574173542,6.24323962498148
429,292.00700378418003,0.0,2.465726577933657,6.286134504676886
430,351.734375,0.0,6.818831043436943,8.861385817708353
431,348.337707519531,0.0,4.954060226696005,8.336762136392354
432,352.56396484375,0.0,4.880838313216647,8.406033609022666
433,352.791137695312,0.0,4.930140332133866,8.434806826838146
434,352.405532836914,0.0,5.0391232999289395,8.501862388026822
435,352.227416992188,0.0,5.101875395526403,8.501393111119746
436,351.46240234375,0.0,5.061138245039586,8.57438067883897
437,350.634948730469,0.0,4.910895954039021,8.479085640230124
438,349.340209960938,0.0,5.032304174644755,8.390262973060814
439,349.13778686523403,0.0,4.956196295714062,8.276862560962496
440,349.42236328125,0.0,2.54047917925083,7.985737933503455
441,305.043968200684,0.0,2.481710533060833,6.665157129131246
442,335.46833801269497,0.0,2.5910176343799804,7.573446657451325
443,317.560272216797,0.0,2.5109635148504106,7.047068328379389
444,307.18708801269497,0.0,2.518895379070859,6.7353409313174994
445,306.748756408691,0.0,2.605247998347417,6.735593633506498
446,295.669540405273,0.0,2.555648011281425,6.3791611513642605
447,297.739311218262,0.0,2.550018498214004,6.439364910646236
448,290.83238983154297,0.0,2.4856521893178996,6.250517894480119
449,292.569190979004,0.0,2.468326402451709,6.302479455796445
450,608.515014648438,0.0,2.6999113928274654,16.171776186064218
451,341.939575195312,0.0,2.098980299658724,7.737808095826445
452,432.560821533203,0.0,2.245776424770694,10.403847819856482
453,222.464038848877,0.0,2.222353866405327,4.502264785102078
454,180.0,0.0,2.0575223685252855,4.19314065794694
455,180.0,0.0,1.8606682410449695,4.304862150318068
456,185.75238800048896,0.0,1.9733765865523807,4.487903689278848
457,180.0,0.0,1.8831439078630556,4.338247385665099
458,180.0,0.0,1.9016547274059925,4.219022782951248
459,183.2861785888672,0.0,2.172303897218761,4.099441077695385
460,316.86628723144497,0.0,3.741169738866876,9.419520093686899
461,227.5169296264648,0.0,3.1960160837618745,5.638841635200142
462,263.8723983764648,0.0,3.656579106924228,7.598346420039948
463,197.4974536895752,0.0,3.732586989196411,5.626492515353467
464,180.0,0.0,3.8056160329724746,6.117438574725207
465,210.529006958008,0.0,3.99200135670959,7.906776160047681
466,217.111740112305,0.0,3.916413308912806,7.710803615715792
467,205.618606567383,0.0,3.5338993215991095,5.904117686261186
468,180.0,0.0,3.2314700970150847,4.946355068962283
469,181.04640221595764,0.0,3.1307834100169103,4.547063517456016
470,321.71377563476597,0.0,5.132469248476806,8.36889604632464
471,229.4959678649902,0.0,4.618836473926516,5.137388441995976
472,267.1004943847656,0.0,5.058346189449302,6.590610080605406
473,197.8496208190918,0.0,4.904376325633421,4.8856166681805036
474,180.0,0.0,4.970113793455934,5.09736643094481
475,180.0,0.0,5.177744238989636,6.155860700619165
476,180.0,0.0,5.150680106448941,5.9618698975342
477,180.0,0.0,5.019055965348047,5.186480261881702
478,180.0,0.0,4.860274598818824,4.750058756727408
479,181.18215107917786,0.0,4.656193028051336,4.541515129966067
480,316.475082397461,0.0,5.117121852161268,8.245975120044607
481,226.576774597168,0.0,4.609671549792734,5.091668180572626
482,263.3037338256836,0.0,5.048234381770046,6.51106373584689
483,196.7904891967773,0.0,4.894382102844972,4.883672797133633
484,180.0,0.0,4.963245436538458,5.102706840547833
485,180.0,0.0,5.1724875934598575,6.162752289681379
486,180.0,0.0,5.14562863812538,5.968875409107236
487,180.0,0.0,5.013877137854438,5.192312927245963
488,180.0,0.0,4.854417336998416,4.755087184473273
489,180.97355318069458,0.0,4.6462880524296795,4.546360428807409
490,179.75,0.0,0.2648541418020288,4.146757561380892
491,179.75,0.0,0.2648541418020288,4.146757561380892
492,179.75,0.0,0.2648541418020288,4.146757561380892
493,179.75,0.0,0.2648541418020288,4.146757561380892
494,179.75,0.0,0.2648541418020288,4.146757561380892
495,179.75,0.0,0.2648541418020288,4.146757561380892
496,179.75,0.0,0.2648541418020288,4.146757561380892
497,179.75,0.0,0.2648541418020288,4.146757561380892
498,179.75,0.0,0.2648541418020288,4.146757561380892
499,179.75,0.0,0.2648541418020288,4.146757561380892
500,783.957702636719,0.0,24.502143685767617,18.658871340443625
501,911.570800781252,0.0,24.856672157895378,14.943725873338122
502,716.471954345703,0.0,24.23420529006608,16.496750477652935
503,861.5476379394511,0.0,24.08975094877651,16.097116361178042
504,693.910308837891,0.0,25.272744466312055,16.575299689794182
505,914.3095321655276,0.0,28.563634433225438,19.23721770329212
506,807.50773620605,0.0,29.308666600207175,21.54524211374732
507,1036.336669921875,0.0,29.490699480474852,20.199683507064947
508,835.975677490239,0.0,27.12274193799763,16.6108736431491
509,748.216339111328,0.0,24.688504696681573,13.61647384439098
510,179.99999287056062,0.0,0.2347816323473028,4.153751270389292
511,179.99999308161614,0.0,0.23478111131072524,4.153751330799863
512,179.99999359909725,0.0,0.2347811378017559,4.15375133088951
513,179.99999228897195,0.0,0.23478117413696442,4.153751326985969
514,179.99999345292053,0.0,0.23478116668818472,4.153751329783548
515,179.9999935740102,0.0,0.23478110325438717,4.153751334161297
516,179.99999376528285,0.0,0.23478109562925356,4.153751330810271
517,179.9999935118708,0.0,0.23478112783159122,4.153751327119364
518,179.99999332731477,0.0,0.23478114059000876,4.153751322955019
519,179.99999305911751,0.0,0.23478114483787482,4.15375132492576
520,179.9995618366811,0.0,0.2350525539843698,4.15372791208142
521,179.99961147952126,0.0,0.235053877496044,4.153727248802871
522,179.99957088023075,0.0,0.23505382805148628,4.1537276376113725
523,179.99958190173493,0.0,0.2350600363968694,4.153726923080144
524,179.99959227681393,0.0,0.23505103068002486,4.153728107912992
525,179.9996013424534,0.0,0.2350521117970436,4.153728081835962
526,179.99960521626053,0.0,0.2350544911129382,4.153727664106726
527,179.99960766540607,0.0,0.2350617974424906,4.153726796920074
528,179.99961215665098,0.0,0.2350520125530676,4.153727954788311
529,179.999614173983,0.0,0.23505276294274569,4.1537278616551
530,179.99999999993025,0.0,0.23477979278973307,4.1537514495554095
531,179.99999999997806,0.0,0.23477979280308964,4.15375144955298
532,179.9999999999147,0.0,0.2347797927906069,4.1537514495554175
533,179.99999999991724,0.0,0.23477979279522546,4.15375144955492
534,179.99999999996584,0.0,0.23477979279894254,4.1537514495542975
535,179.99999999998028,0.0,0.23477979280695288,4.153751449553471
536,179.99999999998795,0.0,0.23477979280682,4.153751449553588
537,179.99999999999423,0.0,0.23477979280954167,4.153751449553306
538,179.99999999998917,0.0,0.2347797928107239,4.153751449553065
539,179.99999999999073,0.0,0.23477979280779854,4.153751449553549
540,179.9999999999999,0.0,0.23477979274717833,4.153751449560525
541,179.99999999999986,0.0,0.2347797927474605,4.153751449560462
542,179.99999999999983,0.0,0.23477979274734492,4.153751449560519
543,179.9999999999999,0.0,0.23477979274745917,4.1537514495604935
544,179.99999999999994,0.0,0.23477979274770402,4.153751449560476
545,179.99999999999997,0.0,0.2347797927479037,4.15375144956045
546,179.99999999999997,0.0,0.23477979274814245,4.153751449560351
547,180.0,0.0,0.23477979274783423,4.153751449560432
548,179.99999999999997,0.0,0.23477979274783478,4.153751449560395
549,179.99999999999997,0.0,0.23477979274772404,4.153751449560403
550,379.52876281738304,0.0,0.8774911799373201,8.87161488839141
551,381.123397827148,0.0,0.7961439087806789,8.924093123555913
552,379.587173461914,0.0,0.8222478011180135,8.878096732493379
553,380.798065185547,0.0,0.8280113803015821,8.912688589416234
554,380.345809936523,0.0,0.8280136248265175,8.899203650242944
555,380.454895019531,0.0,0.8266744007649746,8.902686056563274
556,380.19010925293003,0.0,0.8197457379970883,8.895146091079969
557,379.782104492188,0.0,0.8051740495926634,8.884303222520293
558,380.375839233398,0.0,0.8048995775811332,8.901847806030327
559,381.399963378906,0.0,0.8001168783052809,8.931945488721615
560,179.45277726650238,0.0,1.2192655688990282,4.132476564772333
561,179.44178640842438,0.0,1.120526711179681,4.1347510129991045
562,179.6440271139145,0.0,1.0906887184555074,4.133455243697137
563,179.77404177188873,0.0,1.0885205544149597,4.132651702351492
564,179.69770520925522,0.0,1.1063409717616808,4.134709324331079
565,179.6245372891426,0.0,1.1099295253376433,4.138782764975946
566,179.46489888429642,0.0,1.1023753748073473,4.1383278807910155
567,179.50335866212845,0.0,1.102804676206433,4.140094135047799
568,179.53462827205658,0.0,1.1041359276408633,4.135921266286099
569,179.5301757454872,0.0,1.115882297368719,4.1341560981638406
570,179.50607961416245,0.0,0.7606404828187561,4.135777874463164
571,179.62193661928177,0.0,0.7795830007598811,4.137287645221795
572,179.40784162282944,0.0,0.746432562869913,4.1362665307357185
573,179.46477949619293,0.0,0.7470258835823237,4.13484048565044
574,179.4784288406372,0.0,0.7545343518295209,4.136278767489154
575,179.39376121759415,0.0,0.7689983716095697,4.136317081416418
576,179.63608071208,0.0,0.7694728282856914,4.14005671039007
577,179.6408607661724,0.0,0.7955630608290386,4.141094096609736
578,179.75619092583656,0.0,0.7987584591791984,4.144530462725311
579,179.69946745038033,0.0,0.7942854160906466,4.140791716270688
580,384.21841430664097,0.0,1.065848948355715,8.998371269877863
581,386.46501159668003,0.0,1.1093651190803322,9.062321091062005
582,383.912292480469,0.0,1.0623654871063817,8.989375164170044
583,383.643447875977,0.0,1.066333606109993,8.980655318108946
584,383.72250366210903,0.0,1.0687481678966555,8.983854726356206
585,384.03669738769497,0.0,1.0780433253714874,8.99688671732124
586,384.537567138672,0.0,1.07772969032885,9.008076102853918
587,384.98384094238304,0.0,1.0865280597321112,9.019069668180967
588,385.388778686523,0.0,1.0894341932059572,9.03071452705604
589,385.910522460938,0.0,1.1030844958540917,9.046147452479438
590,201.6700744628906,0.0,1.09805270452109,3.85130810939013
591,199.5351123809814,0.0,1.1648477533784172,4.52196045854342
592,205.7298126220703,0.0,1.0955503111923741,3.9701940901621797
593,208.00835800170898,0.0,1.1320575094990701,4.226605416237723
594,205.7560405731201,0.0,1.1813182107259665,4.408380848373961
595,199.87936210632319,0.0,1.220015704412029,4.538716257153418
596,196.43353652954102,0.0,1.2281209669071838,4.457650997955307
597,200.0932178497314,0.0,1.2168433937168988,4.328149582421126
598,206.5080547332764,0.0,1.1990490079460985,4.356174107982204
599,206.4037227630615,0.0,1.1782478849360265,4.453288781713181
600,99168.6640625,0.0,333.03124378052814,3548.192216070544
601,98323.3671875,0.0,323.2931668946437,3518.546543958039
602,98869.1015625,0.0,325.18533590489176,3538.1262219688683
603,98948.109375,0.0,327.37222312878936,3541.0097473231044
604,99334.96875,0.0,329.3097815285761,3554.605862745699
605,98978.3203125,0.0,328.9773090825934,3541.804367336599
606,98322.3828125,0.0,325.9371615482873,3518.408738547177
607,98535.3671875,0.0,324.68188100583114,3526.1905039862054
608,98393.0859375,0.0,325.57178191172363,3520.9073975739943
609,98144.328125,0.0,324.5824465490856,3512.0336271361025
610,99132.7109375,0.0,308.15831865959626,3548.5441800975464
611,99354.375,0.0,303.01394862392965,3556.697405915427
612,99593.328125,0.0,305.5361520682661,3565.2038648069715
613,100626.3828125,0.0,306.62165620811516,3602.2419953411763
614,100354.171875,0.0,307.18352378972594,3592.487079890848
615,101563.578125,0.0,308.86155915905437,3635.9344988757853
616,100470.625,0.0,305.7520693272232,3596.7493008699475
617,100581.8515625,0.0,308.29382844264995,3600.5666909233746
618,100323.640625,0.0,309.506461117689,3591.0579160399343
619,99554.9453125,0.0,303.98960392435316,3563.8055675095234
620,68191.390625,0.0,677.4920871802699,2452.066071391004
621,67412.9453125,0.0,664.6347826846248,2425.5231025634494
622,68087.6171875,0.0,674.3418661676471,2450.2168550238866
623,68356.765625,0.0,671.342014169995,2458.896215087446
624,68057.3203125,0.0,668.1505036647799,2447.9543576885344
625,68948.203125,0.0,666.0199319667081,2479.445289508841
626,67970.4375,0.0,660.6910274419965,2446.0044075575665
627,68038.5390625,0.0,660.6221918206004,2447.5566034048775
628,67689.2734375,0.0,661.5868975299492,2435.8522373103706
629,67173.5625,0.0,660.9663271994583,2416.9358767687113
630,68920.46875,0.0,690.1626585157151,2476.791195700976
631,68639.40625,0.0,689.2222153702617,2467.8857604851955
632,68927.8203125,0.0,690.0615302543222,2477.041114357418
633,68877.796875,0.0,689.6435207790798,2475.4791883194534
634,68849.65625,0.0,689.6231380587825,2475.0035012944722
635,68777.6328125,0.0,689.3535586342293,2472.732323399467
636,68739.328125,0.0,688.9042700645083,2471.387736156636
637,68682.390625,0.0,688.4993550021139,2469.5637575404576
638,68673.8828125,0.0,688.5348382838923,2469.155012666494
639,68636.6484375,0.0,688.6948098120638,2467.7309701117647
640,414.91435241699196,0.0,0.9765799867056795,9.923114747820167
641,412.413635253906,0.0,0.9317233973559659,9.84969100778742
642,415.87995910644497,0.0,0.9369397908706522,9.956508461426447
643,414.707534790039,0.0,0.9401065632743809,9.919849366479765
644,413.27841186523403,0.0,0.9478784903206209,9.875402222957392
645,413.65922546386696,0.0,0.9497871779132718,9.88684695698881
646,415.740371704102,0.0,0.9459622940525771,9.950992964800022
647,415.498046875,0.0,0.94412775299092,9.943308079432873
648,414.304260253906,0.0,0.9414558335838479,9.907356473332335
649,412.13069152831997,0.0,0.9364403542527944,9.84106144406478
650,422.56037902831997,0.0,1.281631486678027,10.13067960391259
651,420.289672851562,0.0,1.1801756132451955,10.069671182211028
652,422.85115051269497,0.0,1.196634215668967,10.14620687280756
653,423.23274230956997,0.0,1.1877252284864197,10.15949313409843
654,422.483032226562,0.0,1.1819042361324774,10.137024164863723
655,421.706359863281,0.0,1.178382028981605,10.112795590142369
656,421.02523803710903,0.0,1.16801541607889,10.092412564206416
657,421.477752685547,0.0,1.1695114334355703,10.106038569088597
658,420.534149169922,0.0,1.178900981127839,10.076077262154616
659,420.343322753906,0.0,1.1802061288330699,10.071119624606686
660,183.24264764785767,0.0,0.2685467782840519,4.152275407285847
661,183.2227373123169,0.0,0.2679637483223011,4.152249747282619
662,183.23573064804077,0.0,0.26833565253496305,4.152256861425583
663,183.25784635543823,0.0,0.26810439146098625,4.1523110224776865
664,183.2429633140564,0.0,0.2679431044534664,4.1523047565299604
665,183.30820751190186,0.0,0.26765528189369014,4.152451973394792
666,183.2461280822754,0.0,0.2674237730203515,4.152364294431544
667,183.25539636611938,0.0,0.2674302305462172,4.152391564967427
668,183.23485326766968,0.0,0.2675831720477455,4.152349617947399
669,183.20376014709473,0.0,0.2676813738612553,4.152262283428907
670,183.17731761932373,0.0,0.2680431874935388,4.152227202770209
671,183.1473159790039,0.0,0.26720865414610323,4.152218383104626
672,183.16795349121094,0.0,0.2678728184405935,4.152201755504464
673,183.18525218963623,0.0,0.2676521341370555,4.15224870988481
674,183.1671586036682,0.0,0.2674944457642533,4.152241779415151
675,183.2286992073059,0.0,0.2671531581448013,4.152387035203412
676,183.16759967803955,0.0,0.2668297340515433,4.15231465414492
677,183.17743968963623,0.0,0.2667627335795742,4.152347630736874
678,183.15958261489868,0.0,0.2668630563185932,4.152312175419018
679,183.1296582221985,0.0,0.2669347417967101,4.152232159768464
680,423.846923828125,0.0,1.5022005751754754,10.162671008264537
681,422.834777832031,0.0,1.4920495553612367,10.131759351657458
682,423.840682983398,0.0,1.4988533714823709,10.163120009692534
683,423.776962280273,0.0,1.505950474951825,10.158886887910526
684,423.676330566406,0.0,1.5053471533745675,10.158222466144817
685,423.45272827148403,0.0,1.4918252622593926,10.15249704318568
686,423.238876342773,0.0,1.4859856657070485,10.145933580662634
687,423.10835266113304,0.0,1.4970366794553793,10.13978754177862
688,423.059600830078,0.0,1.5042562694747204,10.13901279362893
689,422.932556152344,0.0,1.5027809531508884,10.132680360922533
690,421.88150024414097,0.0,1.479379572536182,10.083643552803391
691,405.36239624023403,0.0,1.4958191092287474,9.572274333582627
692,415.524444580078,0.0,1.5221681865248529,9.886499935090932
693,406.847229003906,0.0,1.5931223149812972,9.617227733156906
694,400.812240600586,0.0,1.6301500688837265,9.443455544402907
695,411.67073059081997,0.0,1.6555597033388112,9.81159330865274
696,399.717956542969,0.0,1.693310869035188,9.467699347901675
697,401.11918640136696,0.0,1.6955011843536951,9.486354700859124
698,397.450408935547,0.0,1.669253910486906,9.351772626568604
699,398.41015625,0.0,1.5906094025796913,9.362411415623246
700,417.761123657227,0.0,1.4055728533519154,9.985110927470538
701,396.838745117188,0.0,1.3303053722892184,9.34956702675499
702,408.264297485352,0.0,1.3674557121169246,9.696733513631985
703,398.83984375,0.0,1.3356726727200146,9.41337641610237
704,395.37507629394497,0.0,1.3221789324976763,9.30895686493638
705,397.398422241211,0.0,1.3020816642660207,9.363850922110183
706,392.03144836425804,0.0,1.2988134704929148,9.204571364488377
707,393.35537719726597,0.0,1.3005126159494473,9.243823078956313
708,389.59260559081997,0.0,1.2685221008823466,9.135952811727947
709,389.67465209960903,0.0,1.2532802548433222,9.13939044954676
710,179.4959546327591,0.0,0.2549133099377004,4.151951604530864
711,179.37520468235016,0.0,0.25442351934572016,4.152024232980909
712,179.47898191213608,0.0,0.255369840362116,4.151991180324842
713,179.39888966083527,0.0,0.2549809607874643,4.152061044723748
714,179.65413224697113,0.0,0.25552180216189635,4.152026793951408
715,179.45155656337738,0.0,0.2548095814897101,4.152057944073556
716,179.39235311746597,0.0,0.25452096171530614,4.152059803283578
717,179.5630902647972,0.0,0.25414303753991263,4.152050630966145
718,179.40020513534546,0.0,0.2539484044928835,4.152044739007527
719,179.4753778576851,0.0,0.2541659132275379,4.152011457506347
720,179.63612604141235,0.0,0.31033604153854,4.144277680605037
721,179.99999408742724,0.0,0.3108631401376967,4.144251031504977
722,179.4220046401024,0.0,0.31056774608878274,4.144388614475831
723,179.7080325782299,0.0,0.31027371409133514,4.144357277328918
724,179.9394548945129,0.0,0.31045093126671847,4.144402373707418
725,179.99982632425963,0.0,0.31097534738594035,4.144363999360126
726,179.99999115038372,0.0,0.3111193295390745,4.144379984018029
727,179.99999735262554,0.0,0.31082915299677016,4.14442769033468
728,179.99999173126162,0.0,0.310028950052436,4.1445017556589505
729,179.9999939255631,0.0,0.3104673706560919,4.144324476501933
730,179.99999999999974,0.0,0.23477979290784864,4.153751449517135
731,179.9999999999999,0.0,0.23477979289902937,4.153751449516286
732,179.9999999999999,0.0,0.23477979293186046,4.153751449511558
733,179.9999999999999,0.0,0.23477979296996054,4.1537514495006
734,179.9999999999999,0.0,0.23477979302977742,4.153751449488977
735,179.9999999999999,0.0,0.23477979299660556,4.153751449494144
736,179.99999999999991,0.0,0.23477979304605273,4.153751449470754
737,179.99999999999994,0.0,0.23477979298146512,4.153751449489913
738,179.9999999999999,0.0,0.2347797929499742,4.1537514495016765
739,179.99999999999994,0.0,0.23477979293348494,4.1537514495083485
740,649.935333251953,0.0,17.412158323276717,25.25317123865826
741,654.451370239258,0.0,16.485438456149385,23.976026729832466
742,651.5909118652339,0.0,16.419638971630604,23.82844571655291
743,657.847122192383,0.0,15.91999223455368,23.44728537558595
744,651.711364746094,0.0,15.955592152459369,22.765242494428872
745,651.873596191406,0.0,16.672781021182228,23.920490775621055
746,652.085174560547,0.0,15.919295259419458,23.145633168175685
747,652.269989013672,0.0,16.146411545859284,24.046485857183416
748,652.208557128906,0.0,15.834315488347517,22.86872419438399
749,651.957153320312,0.0,16.93256301804546,24.61822084430032
750,544.1823120117181,0.0,9.225285609688543,10.637355682515398
751,336.62646293640194,0.0,8.226453994084547,8.737293577086385
752,500.282897949219,0.0,8.359673676912367,11.141655723887276
753,460.5961303710934,0.0,8.363330568075051,8.862931426442435
754,340.97433614730795,0.0,8.155983482396733,7.799526278843652
755,393.1128005981444,0.0,8.655551511313211,9.704278107452408
756,335.1716232299807,0.0,8.294188168872328,8.290894957450472
757,281.22139358520553,0.0,7.984378921427975,7.823492213589822
758,289.2682189941408,0.0,7.855194719827082,7.772590504869323
759,343.78758478164633,0.0,7.986910775391247,8.35261472068638
760,179.4559776186943,0.0,1.566763866702492,4.1575850074146805
761,182.02789974212646,0.0,1.6235077131127393,4.167390994890789
762,180.19861924648285,0.0,1.638701593345185,4.162480433352226
763,181.71345460414886,0.0,1.6247327145616537,4.160812517865704
764,182.47755098342896,0.0,1.6635570048829262,4.165425347846833
765,182.28017735481262,0.0,1.78779010227783,4.184022838959502
766,182.0827775001526,0.0,1.7288809249673527,4.166698526059855
767,183.5665476322174,0.0,1.7456091662548718,4.161424767758063
768,182.4775676727295,0.0,1.6455924013153345,4.193259660128587
769,182.49378538131714,0.0,1.6363048890320944,4.179706738819376
770,180.0,0.0,0.234779803913558,4.153751447327116
771,179.9999999999701,0.0,0.23477980142550778,4.153751448268941
772,179.99999999995552,0.0,0.23477980091518322,4.153751448302727
773,179.9999999973282,0.0,0.23477980103068513,4.153751448322007
774,179.9999999952159,0.0,0.23477980139264074,4.153751448337348
775,179.9999999987117,0.0,0.23477980179091057,4.153751448263389
776,179.99999999999872,0.0,0.23477980104605597,4.153751448374715
777,179.99999999999864,0.0,0.23477980099290488,4.153751448384338
778,179.99999999934707,0.0,0.2347798010136693,4.153751448343602
779,179.99999999862646,0.0,0.2347798010339974,4.153751448410205
780,179.99999999999912,0.0,0.23477979287398493,4.15375144953672
781,179.9999999999988,0.0,0.23477979294292745,4.153751449522791
782,179.99999999999872,0.0,0.2347797929329726,4.153751449526119
783,179.9999999999982,0.0,0.23477979293498785,4.153751449525343
784,179.99999999999838,0.0,0.2347797929429181,4.153751449523524
785,179.99999999999852,0.0,0.23477979293141749,4.1537514495266645
786,179.99999999999827,0.0,0.234779792938021,4.153751449524307
787,179.9999999999982,0.0,0.2347797929370187,4.153751449524596
788,179.9999999999985,0.0,0.23477979294182386,4.153751449523218
789,179.9999999999994,0.0,0.23477979293831286,4.153751449524735
790,179.99999999999997,0.0,0.23477979274687424,4.15375144956057
791,179.99999999999997,0.0,0.23477979274710353,4.15375144956053
792,179.99999999999994,0.0,0.23477979274716787,4.153751449560532
793,179.99999999999994,0.0,0.23477979274718203,4.153751449560527
794,179.99999999999994,0.0,0.23477979274723418,4.1537514495605175
795,179.99999999999997,0.0,0.2347797927471734,4.15375144956053
796,179.99999999999997,0.0,0.2347797927471554,4.153751449560535
797,179.99999999999997,0.0,0.23477979274720023,4.153751449560523
798,179.99999999999997,0.0,0.23477979274719038,4.15375144956052
799,180.0,0.0,0.23477979274713517,4.1537514495605175
800,180.01380316074938,0.0,0.24990446700985375,4.152426289941833
801,180.002876493847,0.0,0.24714527492801627,4.152684932294329
802,180.02268293313682,0.0,0.24717039119166237,4.1528851340454676
803,180.00445672264323,0.0,0.2472877501587625,4.152607328104193
804,180.01364456117153,0.0,0.2474971960314802,4.152770650964061
805,180.02738992869854,0.0,0.2485936113661805,4.152714575121564
806,180.02560213766992,0.0,0.24802265871583815,4.152790763594325
807,180.00219511939213,0.0,0.24689753635847828,4.152829868932318
808,180.0034922203049,0.0,0.2470017789294047,4.153076112126118
809,180.00327549455687,0.0,0.24692932084172575,4.152963009337408
810,179.9980825886596,0.0,0.2366194388755815,4.153521877400677
811,179.99554353253916,0.0,0.2364987775992664,4.1535653943536435
812,179.9986558392411,0.0,0.23676243041947959,4.153514971606216
813,179.99586833873764,0.0,0.23667278966416475,4.153541400797309
814,179.99517048941925,0.0,0.23663838906777837,4.153558029825272
815,179.9908758904785,0.0,0.2367186227804942,4.153539246807285
816,179.99647174682468,0.0,0.23655534791822547,4.153568476450007
817,179.99010426271707,0.0,0.23657852397904977,4.153566364417534
818,179.99475075351074,0.0,0.23651759629394029,4.153567156373433
819,179.9947365829721,0.0,0.23645915839168194,4.1535770577368964
820,182.4358196258545,0.0,1.2056191434885792,4.007129279394821
821,180.60878837108612,0.0,1.0424505156338566,4.051247683879537
822,183.3121747970581,0.0,1.0254818252006812,4.0196539268809435
823,181.0677535533905,0.0,1.0294125775677905,4.046832495071221
824,181.0863115787506,0.0,1.0560867281356252,4.037514085809169
825,183.18244695663452,0.0,1.0930135383042938,4.0459541841165825
826,183.07715845108032,0.0,1.0758105287237105,4.039567489201478
827,179.59338986873627,0.0,1.0374657957578488,4.01576726112271
828,179.37026053667068,0.0,1.0307158744901037,4.00510954888792
829,179.44566690921783,0.0,1.0364053402317257,4.01824835100207
830,184.1912293434143,0.0,1.1132791037603387,4.083494343810318
831,179.5076550245285,0.0,0.9290663293049586,4.110223073551609
832,185.6152515411377,0.0,0.9541904957187811,4.11100367811563
833,183.4631152153015,0.0,0.963660008790989,4.074703998022527
834,183.93362760543823,0.0,0.9535108471142016,4.0252903587215085
835,183.06448459625244,0.0,0.9495710504328962,4.08990968972578
836,183.59329271316528,0.0,0.9603190246310968,4.102619839282564
837,182.89051723480225,0.0,0.944322044509201,4.070206411620089
838,183.42069482803345,0.0,0.9470038906737241,4.061401723462346
839,182.39713144302368,0.0,0.943843439615096,4.079399683155343
840,185.40289068222046,0.0,1.0120848176794153,4.114087529401014
841,182.1901500225067,0.0,0.8772020113161695,4.1092426990287265
842,185.45489025115967,0.0,0.8441693220047893,4.120593422859153
843,182.97563409805298,0.0,0.8346430218687939,4.115103616177466
844,183.39455461502075,0.0,0.8577881453204397,4.114498007838169
845,184.40359830856323,0.0,0.8781976511685321,4.11529454092729
846,184.63934516906738,0.0,0.8613391436084731,4.114880563003176
847,183.91997289657593,0.0,0.8443172547154484,4.115498833497823
848,184.6298189163208,0.0,0.8444235103610189,4.117523505650556
849,183.6151237487793,0.0,0.8656457093757162,4.113324674958445
850,347.857116699219,0.0,1.8867177422113912,7.966007407031846
851,301.966331481934,0.0,1.7742380099387154,6.584955326994892
852,333.629287719727,0.0,1.8435960202019444,7.556139070769016
853,314.85737609863304,0.0,1.7795142484040667,6.998794979451361
854,304.21150207519497,0.0,1.753036891446418,6.668002521046485
855,304.136985778809,0.0,1.7199017946652861,6.647030357142435
856,293.37077331543003,0.0,1.7170694299175193,6.328102000844682
857,293.961853027344,0.0,1.7098750843697066,6.344291592310067
858,288.08971405029297,0.0,1.6721541172276302,6.1728139876220665
859,289.501670837402,0.0,1.6648647982496323,6.212036379811505
860,600.4014587402339,0.0,5.667294337141526,15.976866452282952
861,328.331512451172,0.0,4.744943460987412,7.659476420855446
862,426.278579711914,0.0,5.108040719836283,10.310229225242718
863,217.1171417236328,0.0,4.659741920496782,4.694624569952507
864,180.0,0.0,4.61820422420038,4.698975511815867
865,180.0,0.0,4.833800752790477,5.0967084901525626
866,185.75238800048896,0.0,5.1230469508578,5.335449194721811
867,180.0,0.0,5.20212350331644,5.209906960199377
868,180.0,0.0,5.066604735454486,5.046151854686774
869,182.91801929473877,0.0,4.859509501681289,4.8227245458611225
870,259.4670028686523,0.0,3.515962539198551,8.44043740301326
871,204.2292957305908,0.0,3.0142200488903437,5.4363376133923325
872,222.7238578796387,0.0,3.44861864829313,7.071204842974392
873,185.85265684127808,0.0,3.542080992546467,5.715139382802359
874,180.0,0.0,3.7757869003519287,6.39513816379484
875,215.61176300048848,0.0,4.0424782734893,8.326327912008598
876,225.0606613159183,0.0,4.026630935521671,8.139279447509743
877,212.57025146484398,0.0,3.610309669683159,6.19300227003741
878,180.0,0.0,3.2466558456803383,5.12091439830594
879,179.4512584209442,0.0,2.9842443656968234,4.637220604348543
880,180.0,0.0,0.25924712514457493,4.147975482138542
881,180.0,0.0,0.26283465673475187,4.1475392924849555
882,180.0,0.0,0.2589121016583468,4.147993346446136
883,180.0,0.0,0.2581916411662053,4.1481900921798776
884,180.0,0.0,0.2582296577205277,4.1482501893862445
885,180.0,0.0,0.25934964922436204,4.148083725315739
886,180.0,0.0,0.2608858015213902,4.147817970306258
887,180.0,0.0,0.26258917140992116,4.147630063467195
888,180.0,0.0,0.2640265187906649,4.147470359436601
889,180.0,0.0,0.26425045534196195,4.147484564621219
890,179.99962259369204,0.0,0.23508370211360957,4.153724872751901
891,179.99968399258796,0.0,0.23502370700903755,4.153730605263327
892,179.9996215493302,0.0,0.2350251604988889,4.153731041975507
893,179.9995939724031,0.0,0.23502397474384407,4.153731099947643
894,179.99959861923708,0.0,0.23502268765090792,4.15373110272656
895,179.99964668869507,0.0,0.2350278629765098,4.153730921754653
896,179.99968328495743,0.0,0.23502624559340846,4.15373098685216
897,179.99964160600211,0.0,0.23502362608961075,4.153731009773349
898,179.9996643961349,0.0,0.23502134545895584,4.153731203060932
899,179.99967510835268,0.0,0.23501950857035028,4.153731127529261
900,369.48095703125,0.0,6.608470992000197,9.714201926025028
901,294.433700561523,0.0,6.048819704136768,6.645528982289173
902,323.54248046875,0.0,6.510229049397394,8.428399275352858
903,284.534126281738,0.0,6.338263340770478,6.857747113500713
904,277.4506149291992,0.0,6.460709109035935,6.649167625010047
905,286.770957946777,0.0,6.598500414936448,7.6653562863589935
906,266.7155990600586,0.0,6.539909629143718,6.97304965889281
907,278.3127975463867,0.0,6.3444326127062745,6.406171260340529
908,262.0231704711914,0.0,6.081564029881374,5.742011050855486
909,265.7213821411133,0.0,5.911596057122648,5.769661235892506
910,421.590576171875,0.0,1.4830835570737293,10.098669754821394
911,419.374145507812,0.0,1.5330292451429732,10.022363636474084
912,421.588073730469,0.0,1.5147016766638204,10.094469668452714
913,422.27217102050804,0.0,1.5188743357831338,10.114357103839895
914,422.100845336914,0.0,1.518452208139599,10.10885144453697
915,421.112197875977,0.0,1.5236589013329171,10.079264706185945
916,420.544982910156,0.0,1.530298947910503,10.058048754361716
917,420.452255249023,0.0,1.5318580586538273,10.054803356506309
918,420.17440795898403,0.0,1.5406840581556263,10.047324171666213
919,419.86190795898403,0.0,1.5343703286841317,10.037280860731888
920,415.207458496094,0.0,1.5694615794587017,9.891659690306938
921,390.06132507324196,0.0,1.5687403690217885,9.127628719635215
922,405.172149658203,0.0,1.564755589816512,9.587603055118405
923,394.895050048828,0.0,1.558566397919213,9.277340149966445
924,394.40771484375,0.0,1.5606273982328605,9.262808609115353
925,386.09521484375,0.0,1.5029061630874367,9.01538081271763
926,388.794708251953,0.0,1.44171149001838,9.098953084047276
927,388.477279663086,0.0,1.4302890518992268,9.088748521998669
928,383.606796264648,0.0,1.4461374623238792,8.944438203902783
929,384.61361694335903,0.0,1.5158624620223509,8.970829519984445
930,23360.81640625,0.0,392.02791827371493,899.5737222313243
931,31007.58203125,0.0,424.5104741001513,970.1963220624991
932,23144.982421875,0.0,388.8271508883936,886.0937698382775
933,22032.02734375,0.0,390.36966357892726,878.951579182298
934,27540.62890625,0.0,394.6995851629825,885.3278782522016
935,29459.439453125,0.0,402.7755643705149,923.5864044367786
936,27226.794921875,0.0,403.267561715433,909.2155388744069
937,25273.3330078125,0.0,409.0770184962175,910.9025761481232
938,26287.85546875,0.0,414.421342734434,929.0447029993686
939,27224.6875,0.0,425.21850865725895,948.5936822256065
940,182.12525939941406,0.0,0.2598446713053826,4.151760053705959
941,182.07971143722534,0.0,0.2590881028557362,4.151757462467204
942,182.11659026145935,0.0,0.2597033436086821,4.151740847490133
943,182.12703371047974,0.0,0.2595331847258062,4.151769280926353
944,182.10905647277832,0.0,0.25940180836147836,4.151767725777068
945,182.15128803253174,0.0,0.2591276387954812,4.151853026937103
946,182.103173494339,0.0,0.25888674052203764,4.151820150573134
947,182.10817456245422,0.0,0.2588065966393286,4.151841372756052
948,182.09289455413818,0.0,0.2588615917166932,4.151820755385184
949,182.06784772872925,0.0,0.2589005499190309,4.15177186592995
950,421.590576171875,0.0,1.4830835570737293,10.098669754821394
951,419.550476074219,0.0,1.4223221828351444,10.037338448802743
952,421.991958618164,0.0,1.4014563568035079,10.116133421113148
953,422.376358032227,0.0,1.4023630297177123,10.126354185113026
954,422.43363952636696,0.0,1.40427054951228,10.127749283824889
955,421.644104003906,0.0,1.4087853361356513,10.10164647681639
956,420.751953125,0.0,1.4077117576225788,10.076024049575723
957,420.747863769531,0.0,1.4139815794714716,10.07406528713425
958,420.26431274414097,0.0,1.4233807011726738,10.059173634092003
959,420.039428710938,0.0,1.4266953670436366,10.051345312248172
960,384.048461914062,0.0,0.7847679850007856,9.012864146994172
961,366.386489868164,0.0,0.7340537382393791,8.505404271630166
962,389.465225219727,0.0,0.798462100322726,9.171151625639013
963,387.31649780273403,0.0,0.7847530386128089,9.108352727812001
964,381.95956420898403,0.0,0.7457015108773949,8.95316374647694
965,375.518737792969,0.0,0.7432131256670123,8.765794216055452
966,372.16242980956997,0.0,0.7343078916897764,8.66969595946715
967,367.426162719727,0.0,0.7452741309562914,8.533738388263778
968,365.79740905761696,0.0,0.7552431277591879,8.487387905245564
969,363.843017578125,0.0,0.7395940364333627,8.432978966869314
970,422.518615722656,0.0,1.6161958260239717,10.117669781957078
971,421.41567993164097,0.0,1.6163397667458763,10.081971323589494
972,422.45785522460903,0.0,1.6243713217421247,10.112970073811791
973,422.38935852050804,0.0,1.6234370204794317,10.106544920335681
974,422.289932250977,0.0,1.6066991583190577,10.115470206858072
975,422.130844116211,0.0,1.6039466400495115,10.109008440577103
976,421.94229125976597,0.0,1.6103851101353175,10.098907153635768
977,421.76968383789097,0.0,1.6207372596638598,10.090940198331714
978,421.648666381836,0.0,1.613286022832494,10.096693490755053
979,421.515808105469,0.0,1.6232941836959403,10.085079229017156
