image_id,classification,min,max,mean,sd,range,sum,zeroes,duplicates,mra_D1_min,mra_D1_max,mra_D1_mean,mra_D1_sd,mra_D1_range,mra_D1_zero,mra_D2_min,mra_D2_max,mra_D2_mean,mra_D2_sd,mra_D2_range,mra_D2_zero,mra_D3_min,mra_D3_max,mra_D3_mean,mra_D3_sd,mra_D3_range,mra_D3_zero,tri_min,tri_max,tri_mean,tri_sd,tri_range,var_sill,var_range,var_kappa,g,zeros,num_peaks,gradient_max,gradient_min,gradient_mean,gradient_stdev
723,high,1.8757686494965103e-15,2.63289479107698e-07,9.29939791862964e-10,5.41062677212205e-09,2.63289477231929e-07,5.14219507308544e-05,0,0,-6.06168522943499e-08,1.12162920972584e-07,-3.5364761969458597e-28,1.19185435445493e-09,1.72779773266934e-07,0,-5.58955788276295e-08,8.65470075804812e-08,-1.11396459787087e-28,1.49225775270106e-09,1.42442586408111e-07,0,-4.38526469693063e-08,7.0632750475116e-08,-4.49889121516278e-27,1.7394053265116e-09,1.14485397444422e-07,0,5.63470537516631e-16,4.73125233036946e-07,1.0343214796410501e-09,8.032202386696481e-09,4.73125232473476e-07,4.6414494551479e-17,0.196574320347437,0.3,0.952109744725869,0,8296,179.4220046401024,0.0,0.3105677460887827,4.144388614475831
932,med,7851.58056640625,37689.41015625,18042.1582683546,6448.38592609386,29837.8295898438,997659183.606934,0,0,-8826.85464151525,8530.41023836518,-2.76475067601955e-16,300.009670974958,17357.2648798804,0,-7544.2539961431,8309.35676967391,9.17906037032018e-17,358.671792943905,15853.610765817,0,-7810.39517643832,8569.73143501623,-5.77548473937626e-16,540.94276342428,16380.1266114545,0,17.6797856738188,43002.6685631127,1531.29913684623,2482.71209837492,42984.9887774389,92026337.1402961,0.563142058644246,0.8,0.201629580376445,0,8302,31007.58203125,0.0,424.5104741001513,970.1963220624992
762,high,-4.01530393350489e-27,2.3180102743936e-06,2.62409005951024e-08,6.03876151410559e-08,2.3180102743936e-06,0.0014510168393067,699,0,-6.30439781919615e-07,7.21642584490409e-07,9.9906991007817e-28,1.13940083271608e-08,1.35208236641002e-06,0,-9.71677144389018e-07,5.02476345443834e-07,2.12685149095318e-26,1.81566384171105e-08,1.47415348983285e-06,0,-5.76920888114804e-07,9.77397182983133e-07,-2.5101869457191295e-26,2.70921269924359e-08,1.55431807109794e-06,0,0.0,3.02564965303226e-06,3.6047664161544e-08,8.8298037683965e-08,3.02564965303226e-06,3.9760082132559106e-15,0.0379555128626626,0.4,0.500437866285516,699,8313,182.0278997421265,0.0,1.6235077131127391,4.167390994890789
858,med,95.7781753540039,339.496673583984,242.501360584464,49.374359103168,243.71849822998,13409355.2348785,0,0,-25.1382556190582,32.7957629315016,3.55691094665528e-19,0.662753697237424,57.9340185505599,0,-40.8155415934024,28.9889785469398,1.51557698447718e-18,0.963003742012623,69.8045201403421,0,-27.2697023759272,23.2437899125395,-2.1010809114596097e-18,1.56222024662564,50.5134922884667,0,0.0572534166153629,93.333735257326,6.05423242864237,6.23394537572344,93.2764818407106,3482.11720285987,0.475475426012875,1.3,0.105157240427839,0,8332,293.961853027344,0.0,1.7098750843697066,6.344291592310067
856,med,100.476875305176,341.078430175781,242.388618092984,47.2970983547066,240.601554870605,13403121.0260696,0,0,-17.6531756030917,31.8834845187011,2.4984334784938e-19,0.668803233463314,49.5366601217928,0,-39.6876184342094,28.1861864730893,6.21674880808146e-19,1.08527737514199,67.8738049072987,0,-27.8085889994381,22.5896299613497,2.27864411447662e-18,1.63334841214581,50.3982189607878,0,0.045083690052702,71.2339362704702,6.22339414530638,6.48737634784147,71.1888525804175,3632.38659947892,0.557215991343679,1.1,0.10098402995194,0,8328,304.136985778809,0.0,1.719901794665286,6.647030357142435
888,med,170.536468505859,308.049224853516,273.527781552187,26.0811604459552,137.512756347656,15124992.2087097,0,0,-18.3581017423933,17.1527933984268,3.44052234538441e-19,0.522506918234434,35.5108951408201,0,-21.3383401870385,15.1577699458328,2.15205435425592e-20,0.857264045473079,36.4961101328713,0,-17.2572626086439,12.1684674942092,1.8386889273546097e-18,1.28541293258483,29.4257301028532,0,0.0985113850587953,82.9885884959373,4.13163050334903,4.72056134101195,82.8900771108785,1239.45865952821,0.657641622127922,1.0,0.0492100603968418,0,143,180.0,0.0,0.2625891714099211,4.147630063467195
722,high,1.1796181046531e-15,2.3936428306115e-07,9.03030640556426e-10,4.4576973858988615e-09,2.39364281881532e-07,4.99339823002082e-05,0,0,-3.75544063647114e-08,6.79728730423451e-08,6.19970467473717e-28,8.17935130358355e-10,1.05527279407057e-07,0,-7.65728514600459e-08,6.28086651444603e-08,9.7109702816689e-28,1.14267215900392e-09,1.39381516604506e-07,0,-6.31141353826985e-08,5.52221090161282e-08,-1.21016441918349e-27,1.4335359197124e-09,1.18336244398827e-07,0,5.38641197052701e-16,4.94933544193776e-07,8.50042420743484e-10,6.596184589106011e-09,4.94933543655135e-07,3.03533780781276e-17,0.234848677189506,0.4,0.946262392556469,0,8314,179.99999408742724,0.0,0.3108631401376967,4.144251031504977
769,high,-7.91662470770194e-26,1.28114675135294e-06,2.73715207144493e-08,5.72532136537782e-08,1.28114675135294e-06,0.0015135356094261,532,0,-1.49005950979185e-07,2.55039606035857e-07,-2.0307758586219493e-28,6.889863505360011e-09,4.04045557015042e-07,0,-2.62526406367865e-07,4.00692761468256e-07,7.690448501470159e-27,1.37480374984805e-08,6.63219167836121e-07,0,-2.67010450634705e-07,4.86994265082372e-07,2.59024165058628e-26,2.11357619226059e-08,7.54004715717077e-07,0,0.0,1.32426288961263e-06,3.65098714267931e-08,7.10856680373392e-08,1.32426288961263e-06,3.3417217707155504e-15,0.0369439322307901,0.5,0.500437866285516,532,8305,182.4775676727295,0.0,1.6455924013153345,4.193259660128587
750,high,0.0,0.248361080884933,0.0138047626908016,0.0154920481303147,0.248361080884933,763.348157750565,6,0,-0.0470241077458282,0.0403030610602511,6.508858297327269e-22,0.0012906214938343,0.0873271688060792,0,-0.0829684425292402,0.066469633673138,-7.90383453982874e-22,0.0022783909439045,0.149438076202378,0,-0.0396903750450733,0.050689633262621,-3.07503531070117e-21,0.0034281813915891,0.0903800083076942,0,3.37922284210065e-08,0.360669785405194,0.007522521505332,0.0114211625248045,0.360669751612966,0.0002828710395129,0.0677627666000553,1.0,0.519287718948429,6,8254,651.957153320312,0.0,16.93256301804546,24.61822084430032
781,high,7.082521949173981e-23,1.53978454986436e-10,2.4182927827622e-12,8.42559821056537e-12,1.53978454986366e-10,1.33721917715619e-07,0,0,-3.8187772031022096e-11,3.88180805812717e-11,7.63083216190551e-31,1.45395850411532e-12,7.70058526122938e-11,0,-5.65253553409494e-11,8.042478540340059e-11,-8.54011871517392e-31,2.09540822189729e-12,1.3695014074435e-10,0,-4.8028383015377687e-11,5.085182351769949e-11,5.45192909720332e-30,2.62004144112565e-12,9.888020653307719e-11,0,1.06120678540053e-23,3.21070661629264e-10,3.49798204577204e-12,1.12071551358498e-11,3.21070661629254e-10,7.44754921340982e-23,0.0556186557685552,0.0,0.909610844669659,0,8332,179.99999999999912,0.0,0.2347797928739849,4.15375144953672
745,high,7.56921068045813e-08,0.218483656644821,0.0152962272745854,0.0175987172523512,0.218483580952714,845.820183375473,0,0,-0.046166389876386,0.0438583212488075,-2.63995075450286e-22,0.0013971295295582,0.0900247111251935,0,-0.0423266517385549,0.0471453767061224,-2.16687954126836e-21,0.0023412430656361,0.0894720284446772,0,-0.0440652927468189,0.0666056881976486,3.00130996645247e-21,0.0035940841280887,0.110670980944468,0,5.88239410380816e-06,0.25480861774252,0.0084681194596013,0.0129028813758408,0.254802735348416,0.0003490134513808,0.0715918287613074,1.0,0.534168932386965,0,8262,651.711364746094,0.0,15.955592152459367,22.765242494428872
957,low,187.417434692383,223.401092529297,204.18418521986,10.5533471628123,35.9836578369141,11290568.7059174,0,0,-4.86637199563861,8.79041149892097,1.06616350786805e-19,0.0567761938313231,13.6567834945596,0,-10.9357543038947,7.76805496360037,1.7128520853092502e-20,0.0874626375720429,18.703809267495,0,-4.11724257006345,6.23526568015735,-3.1233555640236404e-19,0.106684613214601,10.3525082502208,0,0.0380299199010026,8.47755960994907,1.1359167789317,0.917129811875819,8.43952969004807,113.358550390287,0.211338585814367,0.0,0.0296730732542483,0,8296,420.751953125,0.0,1.4077117576225788,10.076024049575723
897,med,0.0,383.933441162109,158.74823435248,104.987145656263,383.933441162109,8778142.36675473,5760,0,-51.3683229608066,80.2533240535534,-2.86886922075968e-18,3.11216423417192,131.62164701436,5670,-99.8663031421294,70.9283872822935,-8.003761372937e-18,4.9940912240508,170.794690424423,5670,-92.1136067698951,94.2108866073475,-3.96674940676381e-18,7.41287761646232,186.324493377243,5670,0.0,290.267854413669,21.8048759429049,22.6485272401117,290.267854413669,2269729.32555423,79.5086107976946,0.6,0.376006298154286,5760,8306,179.99968328495743,0.0,0.2350262455934084,4.15373098685216
715,high,0.0,0.948723316192627,0.302291734526004,0.185948703604567,0.948723316192627,16715.5237523499,39,0,-0.187090129704079,0.285755556423084,-3.92684082202211e-21,0.0087296474901078,0.472845686127163,0,-0.23021520899857,0.331734507265581,-9.23023272860838e-21,0.0136007902268362,0.561949716264151,0,-0.245751432076901,0.468544569613988,4.8729638793964604e-20,0.0220873354868621,0.714296001690889,0,2.4435391181527e-07,1.43859588859974,0.0876501934464102,0.0673837296409359,1.43859564424583,0.0381059953274725,0.154947021477552,0.0,0.34926183693509,39,8324,179.65413224697113,0.0,0.2555218021618963,4.152026793951408
979,low,217.971862792969,330.879852294922,276.633675448872,22.0146005101395,112.907989501953,15296735.7176208,0,0,-13.5142143684645,15.058754255584,6.838492069153582e-19,0.656584904128133,28.5729686240485,0,-16.5667974116635,15.8066345373518,2.26758238132655e-19,1.07037993837849,32.3734319490153,0,-19.3135855358115,20.386983128859,-5.8223025248113215e-19,1.59928453839043,39.7005686646705,0,0.0562027746215623,75.5818057410411,4.48614657648429,5.77582043409843,75.5256029664196,914.278043212607,0.59668314087826,0.9,0.0446848805675347,0,8291,421.648666381836,0.0,1.613286022832494,10.096693490755053
980,low,216.992553710938,325.713500976562,277.016956541825,22.5224455802688,108.720947265625,15317929.6289368,0,0,-13.3403184794431,10.5268393207025,-2.88707356659019e-19,0.645972388844637,23.8671578001456,0,-17.2968195028823,14.7199507803736,-3.93208361528974e-19,1.01974665732827,32.0167702832559,0,-19.6669640096031,15.8883716017368,-1.25117746366184e-18,1.53428897105516,35.5553356113399,0,0.0310926049946583,77.3821401108178,4.45140484600093,5.72535721339951,77.3510475058231,943.094953516775,0.556712373984403,1.0,0.0455475140362481,0,8294,421.515808105469,0.0,1.6232941836959405,10.085079229017156
955,low,186.988754272461,221.854049682617,204.66850134482,9.33934988527024,34.8652954101562,11317349.4503632,0,0,-3.02284648927153,5.4603441823988,3.29401701710006e-22,0.0400423779230479,8.48319067167032,0,-6.79296616199714,4.82528576914159,2.04687374392196e-21,0.0624020713764682,11.6182519311387,0,-2.55751144325484,3.87316304789644,1.32199882952949e-19,0.0972882317807579,6.43067449115127,0,0.0239683327548404,7.70167484064685,1.0223211821206,0.847893191272806,7.67770650789201,122.702683277721,0.262658068078038,10.0,0.026106965659192,0,8296,422.43363952636696,0.0,1.40427054951228,10.127749283824889
883,med,192.575637817383,300.412017822266,268.651437983193,26.872466095384,107.836380004883,14855349.9147186,0,0,-15.4267829637228,7.88926743147811,2.79026770041354e-19,0.55466512037933,23.316050395201,0,-14.4257541724699,10.3685497997864,5.6993785839749e-20,0.907939034192912,24.7943039722564,0,-20.1722097789014,18.0575986138872,1.15267851195289e-18,1.44215668813087,38.2298083927886,0,0.0911667392517376,61.2366120207802,4.49781063269944,5.19648091820107,61.1454452815285,1402.99270900319,0.59463217835809,1.0,0.0557184389837392,0,143,180.0,0.0,0.2589121016583468,4.147993346446136
816,high,0.453681409358978,28.2028217315674,7.65133129801554,4.32725188809547,27.7491403222084,423088.015455067,0,0,-2.72738808159336,2.59286377303573,1.20513965439904e-19,0.189682692512548,5.3202518546291,0,-6.05935260629279,6.31271414899666,5.64983552027561e-19,0.490021287957735,12.3720667552894,0,-7.72573984140853,8.43914045403912,1.5277572496333502e-19,0.859110123094224,16.1648802954477,0,0.0965085615726631,17.012717082672,2.69852730879255,2.10197694507568,16.9162085210993,19.4986198422403,0.0772344538245392,0.8,0.311816300100252,0,8324,179.9908758904785,0.0,0.2367186227804942,4.153539246807285
799,high,-20.7062091827393,26.8830032348633,1.56224576521467,8.5309069374812,47.5892124176025,86385.9418333106,0,0,-3.78487109794055,3.74212941060068,-1.27927464452794e-19,0.199841858401054,7.52700050854123,0,-5.71742436054944,4.94897236845668,-1.1530723111971e-19,0.40393393176904,10.6663967290061,0,-6.53653786268511,6.84377872461907,-6.24726013088345e-20,0.752445783817863,13.3803165873042,0,0.0536463311082092,26.0639606111388,3.47861454122856,2.60531487531966,26.0103142800306,74.2258139659294,0.0917605442243779,1.5,0.500437866285516,0,8337,179.99999999999997,0.0,0.2347797927471903,4.15375144956052
755,high,-27.0379047393799,967.086059570312,66.8145175421894,83.0089352853357,994.123964309692,3694575.56201291,0,0,-100.183034890883,133.058126078283,2.32742681537507e-18,5.50426492738874,233.241160969166,0,-200.389892932969,326.458971122947,1.51754553647163e-18,11.1604276494402,526.848864055916,0,-251.091234490678,401.693915449017,3.32318733920203e-17,17.9105135738734,652.785149939695,0,0.0106828030965466,1000.44241481683,36.5303292436822,53.8139364296802,1000.43173201373,8107.79065862959,0.181196143399562,0.4,0.500437866285516,0,8286,340.97433614730795,0.0,8.155983482396733,7.799526278843652
905,med,0.0,1.0,0.530426318657155,0.483770788565107,1.0,29330.453716466,17198,0,-0.594692370186979,0.437269399202823,3.52256548853251e-20,0.0385971174064042,1.0319617693898,4188,-0.718283467989869,0.722228721289814,-3.4254010864721804e-20,0.0636159631461029,1.44051218927968,4188,-0.759498784428204,0.788380301160328,9.39487919999719e-20,0.0864234903807972,1.54787908558853,4188,0.0,2.23617898615156,0.125050482897036,0.333436885007993,2.23617898615156,0.237281013436505,0.151295813453457,0.7,0.467855682176796,17198,8297,277.4506149291992,0.0,6.460709109035935,6.649167625010047
817,high,0.389392703771591,29.2598552703857,7.53750500281253,4.30948761870566,28.8704625666142,416793.876635522,0,0,-3.52469568513663,3.3626096935896,-7.50408448086032e-20,0.190166219309396,6.88730537872623,0,-7.75458103554363,7.75758549370825,2.71432715882535e-19,0.469526222182476,15.5121665292519,0,-7.893172225791,13.262816334367,5.99895399097539e-19,0.821106640635205,21.155988560158,0,0.0554138548502207,26.1172451211907,2.6245706384372,2.08342424232745,26.0618312663404,18.8349625291159,0.0813275751646076,0.8,0.315552837607541,0,8324,179.99647174682468,0.0,0.2365553479182254,4.153568476450007
749,high,0.0,0.225394561886787,0.0139523709228021,0.016261041403705,0.225394561886787,771.510302547267,43,0,-0.0330627810590004,0.0545662792491416,5.26486099115479e-22,0.001191670829516,0.087629060308142,0,-0.0689699125062695,0.0536416222638802,-2.72510924987875e-22,0.0020014410337897,0.12261153477015,0,-0.0407879718515243,0.0533188663843507,-4.33159733719674e-21,0.003006507349307,0.094106838235875,0,2.5737135065837502e-14,0.270417093105786,0.007322023245751,0.0106915007107098,0.27041709310576,0.0003118078795827,0.146991309559678,0.0,0.537071869555373,43,8266,652.208557128906,0.0,15.834315488347515,22.86872419438399
784,high,6.98062762594584e-23,2.42113856741e-10,3.86446865435576e-12,1.22742057312729e-11,2.4211385674093003e-10,2.13689658711256e-07,0,0,-6.56010878633579e-11,8.08190982379301e-11,7.35118947452035e-31,1.99511844886448e-12,1.46420186101288e-10,0,-7.82950079085003e-11,1.22605899745149e-10,1.26143398537894e-30,2.62907991313068e-12,2.0090090765365e-10,0,-4.6494445326590687e-11,6.75516938419647e-11,-5.3119369324131495e-30,3.5640591929856498e-12,1.14046139168555e-10,0,1.66635998557462e-23,4.96880590923394e-10,5.10733775950406e-12,1.47497334710639e-11,4.96880590923377e-10,1.65710094490652e-22,0.0865221295980857,0.5,0.895912921244616,0,8333,179.9999999999982,0.0,0.2347797929349878,4.153751449525343
921,med,5.58986102987546e-05,0.0166636556386948,0.0044085367161751,0.0039756971629906,0.016607757028396,243.774446257619,0,0,-0.0056034400000403,0.0041375684257549,2.9771142154965703e-23,0.0001982723690219,0.0097410084257952,0,-0.0047128949770275,0.0055493007902743,-1.76523689452441e-22,0.0003389062307871,0.0102621957673018,0,-0.0053262736126417,0.0047822790120711,-6.241148328854e-22,0.0005495292313239,0.0101085526247129,0,2.49958579037924e-06,0.0222805600280421,0.0013439486413805,0.0015666883889192,0.0222780604422517,3.83373357209323e-05,1.10050728359916,0.0,0.495722187312246,0,8291,415.207458496094,0.0,1.5694615794587017,9.891659690306938
845,high,0.0,1002.38226318359,189.382680622948,240.500101757761,1002.38226318359,10472104.7077266,19225,0,-223.684439854986,190.252920027417,-5.2116996096837896e-18,14.3358334933294,413.937359882403,9082,-320.114220861881,278.083693755999,-3.79058076898692e-17,20.8176399888643,598.197914617879,9082,-413.40834733185,366.616258726775,5.87660165032404e-17,30.4781321222471,780.024606058626,9082,0.0,1057.39148731065,67.7030865302773,110.60495665518,1057.39148731065,299502.90668249,2.59979164664781,0.6,0.65566277328851,19225,8292,183.39455461502075,0.0,0.8577881453204397,4.114498007838169
838,high,0.0,1.0,0.294346774969443,0.380545433629694,1.0,16276.1992687103,13893,0,-0.640263765731153,0.648433105466778,-2.35709601194744e-20,0.0457833374097473,1.28869687119793,50,-0.714328617034272,0.720643580071561,1.1406609374028e-20,0.0740335407797069,1.43497219710583,50,-0.773229237868318,0.761403973855935,-1.27193453792867e-19,0.116023798544627,1.53463321172425,50,0.0,2.41443784362751,0.359174978345566,0.419647116897902,2.41443784362751,0.134732277694288,0.0274339106250705,0.9,0.664438972648725,13893,8328,182.89051723480225,0.0,0.944322044509201,4.070206411620089
884,med,188.751556396484,300.826354980469,269.352850725529,26.521874947995,112.074798583984,14894135.2337189,0,0,-12.9012771779558,7.58567736980305,3.13457090767709e-19,0.538945111669634,20.4869545477588,0,-14.7564198635019,13.6454198544532,-3.05815228633117e-19,0.916090526375952,28.4018397179551,0,-18.4896769368476,20.5132099165505,2.8454856213871e-18,1.41277790138702,39.0028868533981,0,0.0572593800735752,57.7900108221031,4.5027630695444,5.18383896223999,57.7327514420295,1380.77373376211,0.605341769075176,1.0,0.0545764515229462,0,143,180.0,0.0,0.2581916411662053,4.1481900921798776
903,med,0.0,1.0,0.543817075146654,0.485364680792893,1.0,30070.9089873094,17198,0,-0.594692370186979,0.437269399202823,3.07022694043671e-20,0.0384043429113629,1.0319617693898,4188,-0.718283467989869,0.722228721289814,-5.26390391733667e-20,0.0632068601796694,1.44051218927968,4188,-0.743136245894732,0.788380301160328,5.89494543046723e-20,0.0861866860905682,1.53151654705506,4188,0.0,2.23617898615156,0.119533853582229,0.332404380197582,2.23617898615156,0.240371387933299,0.158380050580969,0.6,0.455210588504178,17198,8291,323.54248046875,0.0,6.510229049397394,8.428399275352858
880,med,98.7172698974609,695.967529296875,423.054646958493,174.693249260678,597.250259399414,23393229.7582169,0,0,-52.8784077845095,77.9324040218759,2.47700668208733e-18,3.18742043091528,130.810811806385,0,-76.1892596735302,53.1380295468429,7.72361453907362e-19,5.08671197860743,129.327289220373,0,-111.587205678539,72.3799396460337,1.50307408211854e-17,7.55834563548392,183.967145324573,0,0.454047601067573,276.400568293686,25.6386618874219,23.5170232134568,275.946520692618,58379.8661806857,0.489221373038826,2.0,0.236341235835019,0,8298,179.4512584209442,0.0,2.9842443656968234,4.637220604348543
890,med,194.802307128906,302.055694580078,269.893525873897,25.653374916935,107.253387451172,14924032.406723,0,0,-13.8279491948621,8.91236199443139,-4.691621380069649e-20,0.534409930160779,22.7403111892935,0,-13.0736799254608,9.46847251717828,9.36429726047994e-21,0.920976016464276,22.5421524426391,0,-18.0702974243171,18.57508373808,2.7533276524360603e-19,1.43722645180361,36.6453811623971,0,0.103461431316467,50.5295551859846,4.60650318896573,5.02930288213122,50.4260937546681,1183.39582081855,0.549354092825497,1.1,0.0525652702505681,0,143,180.0,0.0,0.2642504553419619,4.147484564621219
964,low,222.474563598633,311.242340087891,275.529465903011,21.2655437522386,88.7677764892578,15235677.3465729,0,0,-5.78077638474115,5.22452589401593,1.06486697884867e-19,0.350515277425925,11.0053022787571,0,-12.134400784165,8.19232048081187,5.20437195363669e-19,0.657734422370942,20.3267212649769,0,-20.7449941282733,14.162929254944,1.56594333797652e-18,1.22347645224062,34.9079233832173,0,0.0868299712342114,51.5788768997665,3.38800026363874,3.94700178658657,51.4920469285323,898.551708398939,0.60326733173989,1.0,0.0433116799764227,0,8286,387.316497802734,0.0,0.7847530386128089,9.108352727812
910,med,0.0,1.0,0.534169259344406,0.480748643319522,1.0,29537.4233647083,17198,0,-0.594692370186979,0.446298271709901,2.99269350173838e-20,0.0404233059288134,1.04099064189688,4188,-0.718283467989869,0.722228721289814,-5.476506268509421e-20,0.0663001153590063,1.44051218927968,4188,-0.753362511958489,0.788380301160328,7.007705649794841e-21,0.0909265525832206,1.54174281311882,4188,0.0,2.23617898615156,0.143309178728811,0.356856114635867,2.23617898615156,0.239891805184526,0.147225427566145,0.6,0.46372202911486,17198,8299,265.7213821411133,0.0,5.911596057122648,5.769661235892506
891,med,0.0,432.289459228516,185.943040469601,126.165611936835,432.289459228516,10281906.3658071,5472,0,-120.691050342829,66.8226431418561,3.2086862905618504e-19,3.00047600387993,187.513693484685,5382,-106.697685980841,150.23830828384,2.6151112866158698e-18,4.81756036028104,256.935994264681,5382,-87.9868861140157,95.6856939460198,6.47459436244932e-18,7.15659405362099,183.672580060036,5382,0.0,364.475723013683,20.2963096293842,21.841801064033,364.475723013683,90528.2296365441,3.92156871757426,0.6,0.38565731154128,5472,8316,179.99962259369204,0.0,0.2350837021136095,4.153724872751901
936,med,8267.484375,43946.375,18073.0231591331,6490.32029315549,35678.890625,999365888.607422,0,0,-10964.4888716848,9358.71663923086,-4.02218928174113e-17,326.923280441073,20323.2055109156,0,-11264.2451490997,9234.56726022068,2.96693744052915e-16,393.433610986704,20498.8124093204,0,-9305.23902358655,14906.9654391537,3.6431602333674e-16,590.325644690318,24212.2044627403,0,19.6187213159833,68482.046790987,1610.17760508697,2686.16749372398,68462.428069671,98713186.123123,0.629012907749035,0.7,0.202574472192948,0,8291,29459.439453125,0.0,402.7755643705149,923.5864044367786
810,high,-32.0467262268066,31.308141708374,-0.0550244803292628,6.89859357162336,63.3548679351807,-3042.63366428691,0,0,-1.98541192322549,1.69339076122461,2.8579519072172904e-20,0.100296000530272,3.6788026844501,0,-6.31568812455699,6.72600782230016,8.10791100986454e-20,0.389582585470099,13.0416959468571,0,-9.16799235668403,10.7267845338831,1.3120932497852098e-18,1.02654239403187,19.8947768905672,0,0.0941964801809429,21.2193714841435,2.82636439752537,1.9954674901403,21.1251750039626,51.0656544115309,0.0458958562603851,0.0,0.500437866285516,0,8295,180.00327549455687,0.0,0.2469293208417257,4.152963009337408
813,high,0.439816117286682,28.7099647521973,7.45205733906456,4.05767253432698,28.2701486349106,412068.962620914,0,0,-6.25186665913771,3.49759892327758,-8.72385113939481e-20,0.187908714912496,9.74946558241529,0,-7.90568980041601,5.64806394276289,2.15134634892422e-19,0.490564674346297,13.5537537431789,0,-8.75658194367963,9.45052770662254,1.80673696228874e-18,0.84969945123557,18.2071096503022,0,0.0532755167006887,27.41041272615,2.56608991589682,2.13663548174155,27.3571372094494,16.6455737117987,0.0815722148038961,0.7,0.302887141792397,0,8295,179.9986558392411,0.0,0.2367624304194795,4.153514971606216
738,high,-3.34585523605347,120.274627685547,18.9413351746675,16.8611144245411,123.6204829216,1047380.06981841,44,0,-8.15707055702408,13.6099425190952,4.33045594283761e-19,0.516387151803624,21.7670130761193,0,-22.7561292984457,33.127093717792,1.0329314654861e-18,1.23435983502957,55.8832230162377,0,-35.9461929098474,30.8259941901408,1.87051932750676e-18,2.09795786523155,66.7721870999883,0,1.5280488926846396e-16,84.0226330884745,6.07791156828193,6.76706908385319,84.0226330884745,318.665758961981,0.206735141127106,0.0,0.500437866285516,44,8337,179.99999999999994,0.0,0.2347797929814651,4.153751449489913
806,high,-33.3265991210938,29.1191730499268,-0.0204688345787066,7.23543123320214,62.4457721710205,-1131.84467686416,0,0,-5.04614064399565,2.79386600085409,1.2031005010075e-20,0.122160531937956,7.84000664484974,0,-7.6452959005742,6.29315299405527,1.0075360096821901e-19,0.420125421198811,13.9384488946295,0,-11.2853827589264,8.99237879578938,-1.02085508808761e-18,1.08912708380034,20.2777615547158,0,0.0572582588333794,23.7803183337585,2.93840228463659,2.10854689058903,23.7230600749251,53.0998763691734,0.111279758871082,0.0,0.500437866285516,0,8315,180.02738992869854,0.0,0.2485936113661805,4.152714575121564
978,low,213.828811645508,316.798583984375,276.033027561726,22.2844220275385,102.969772338867,15263522.2920532,0,0,-12.8423223157817,9.40385962860244,4.978630994475882e-19,0.631442980724143,22.2461819443841,0,-16.3178140719329,17.0770340933156,7.393822530659762e-19,1.04102824231193,33.3948481652486,0,-18.8837463084663,18.1548633253298,-1.96930846642912e-18,1.61837007771596,37.0386096337961,0,0.0168487159135724,71.3377160266441,4.43647850959528,5.75797972168396,71.3208673107305,884.488536844373,0.550455940599135,0.9,0.0452139501667667,0,8296,421.76968383789097,0.0,1.6207372596638598,10.090940198331714
916,med,210.813537597656,301.801727294922,273.732799163295,22.0153996745161,90.9881896972656,15136328.8625336,0,0,-12.4404365600022,6.61097406081868,1.92825972044013e-19,0.483964429669314,19.0514106208209,0,-14.6317257973592,11.0345934973075,8.271956243493301e-20,0.84980315788042,25.6663192946667,0,-22.3975766075171,17.0238366802917,-7.940933880509069e-22,1.36722452847012,39.4214132878088,0,0.072674073832548,71.5956840695208,4.00377885638211,4.71912653749996,71.5230099956883,862.020507412719,0.533514271516296,1.0,0.0451983443012035,0,8294,421.112197875977,0.0,1.5236589013329171,10.079264706185944
804,high,-33.6033363342285,33.5567932128906,-0.0446185738776153,7.63522199368194,67.1601295471191,-2467.22866113662,0,0,-4.56848540895115,2.52858846436791,3.68616190008816e-20,0.0976428811448957,7.09707387331905,0,-4.74478506344582,5.61961161265748,-2.11728672765756e-19,0.347772247475068,10.3643966761033,0,-10.3161769262133,10.1528391737465,-1.21856669519255e-18,1.06739600352718,20.4690160999597,0,0.104562918997141,20.3269774614025,2.93567219118015,2.08456622577532,20.2224145424053,59.3565141161819,0.0464431831690481,0.0,0.500437866285516,0,8298,180.00445672264323,0.0,0.2472877501587625,4.152607328104193
730,high,2.5701016733933603e-15,2.49325779577703e-07,6.19569182960283e-10,3.86556138834332e-09,2.49325777007601e-07,3.42596975409718e-05,0,0,-4.44222871928161e-08,6.34725430471291e-08,-2.17762854907566e-28,7.19449011639561e-10,1.07894830239945e-07,0,-5.98177238079526e-08,7.76846341446397e-08,5.84346425630272e-28,1.0013900791321502e-09,1.37502357952592e-07,0,-2.3563613838868e-08,2.37582138143687e-08,-2.1698284946278e-28,8.68032898378834e-10,4.73218276532367e-08,0,4.94595667506493e-16,4.55743790561264e-07,7.08033310039981e-10,6.136144372026221e-09,4.55743790066668e-07,2.0312533549741e-17,0.115773900642047,0.3,0.951999068041469,0,8316,179.9999939255631,0.0,0.3104673706560919,4.144324476501933
801,high,-34.5159492492676,47.0627250671387,0.151679125469241,8.70821619098066,81.5786743164062,8387.24892194716,0,0,-8.07586248089271,4.46957023546379,-6.35274710440725e-20,0.184751444844505,12.5454327163565,0,-11.9853924882106,9.90543868509262,-2.61307213322433e-19,0.668888685893772,21.8908311733032,0,-13.5944368857971,15.6444641687317,-5.8878201311365605e-19,1.51034544688863,29.2389010545288,0,0.122584806505717,31.7158069206717,3.59655730731584,2.81715420817776,31.593222114166,74.6726914414203,0.11593934105797,0.0,0.500437866285516,0,8290,180.01380316074938,0.0,0.2499044670098537,4.152426289941833
918,med,212.107879638672,303.857177734375,273.77789327723,22.0127158947993,91.7492980957031,15138822.3866577,0,0,-9.01393153122028,5.80730338556692,4.7165225801394e-20,0.481129179659319,14.8212349167872,0,-14.8770512649264,10.1528508927576,-5.836983142505e-19,0.835925838419894,25.029902157684,0,-20.0531570880274,13.9049822604107,-5.70061506580908e-19,1.35174259408766,33.9581393484382,0,0.07490379625526,51.8045475239476,4.06419230446294,4.64573089399317,51.7296437276923,869.301468719947,0.536160400591522,1.0,0.0452096976078206,0,8290,420.452255249023,0.0,1.5318580586538273,10.054803356506309
940,med,7797.94384765625,44966.13671875,17993.3762757513,6577.35828751765,37168.1928710938,994961734.543945,0,0,-11924.9139327007,16090.3266687573,-3.24578005933346e-17,375.898124739178,28015.2406014581,0,-12529.9582550402,10713.3282465167,-5.91296681390305e-17,444.497251496224,23243.2865015569,0,-12958.4621631705,13007.3120250471,-1.0377842650305201e-15,644.284942343328,25965.7741882176,0,22.8296809048102,69528.7367736474,1693.0986676119,2942.96820826888,69505.9070927426,111456165.221479,0.752710472098264,0.6,0.205936713171452,0,8293,27224.6875,0.0,425.21850865725895,948.5936822256064
831,high,0.0,1.0,0.323782818513154,0.393800154330368,1.0,17903.8947325034,13728,0,-0.503788149719904,0.741411687871137,1.9641556826666602e-21,0.0466976528002157,1.24519983759104,80,-0.768388415497908,0.681603186588715,-1.04086146985981e-20,0.0764893027094699,1.44999160208662,80,-0.697362324744537,0.750967846052845,1.93974466370065e-20,0.117588259920916,1.44833017079738,80,0.0,2.45305703098945,0.36026627167411,0.419307333391236,2.45305703098945,0.138612713321016,0.031657742472063,0.7,0.637662756694729,13728,8337,184.1912293434143,0.0,1.113279103760339,4.083494343810318
857,med,98.2692337036133,335.024841308594,243.621445460452,47.8417232409255,236.75560760498,13471291.4481812,0,0,-22.7048676802792,33.5513156150531,7.212328687917172e-19,0.673192289576115,56.2561832953322,0,-41.7593715782222,29.6581234890721,1.85482642456123e-18,1.0701921282891,71.4174950672944,0,-27.5587216816084,23.7754074994031,2.45708572203153e-18,1.62343088349487,51.3341291810115,0,0.100312916806431,86.842136307619,6.17075218774181,6.34411968627734,86.7418233908126,3500.27348036181,0.544376900333554,1.1,0.100539957337424,0,8318,293.37077331543003,0.0,1.717069429917519,6.328102000844682
887,med,176.468521118164,308.671020507812,274.279731907778,25.1861152988861,132.202499389648,15166572.0555725,0,0,-19.8815956797475,16.9335477847856,4.97804400260416e-19,0.521200897844001,36.8151434645331,0,-21.0691507964881,14.9660349306072,6.62655859259542e-19,0.841888556258894,36.0351857270952,0,-18.5575719909908,12.0078174327322,3.56127159775411e-18,1.3202998682497,30.565389423723,0,0.0469660669094685,78.4506505477589,3.99246937633928,4.5550081409086,78.4036844808495,1100.97486861822,0.630776901051575,1.0,0.0470536178861142,0,143,180.0,0.0,0.2608858015213902,4.147817970306258
773,high,9.158571866327949e-18,4.30774527160338e-08,7.56513283338189e-10,2.7605742364373703e-09,4.30774527068752e-08,4.18321585154685e-05,0,0,-9.589758392123671e-09,9.50774106972929e-09,-1.24810036274029e-28,3.8021789116955e-10,1.9097499461853e-08,0,-1.11348247809972e-08,1.39783965283008e-08,-1.4324111726957e-28,5.55649342398688e-10,2.51132213092981e-08,0,-1.19861746111987e-08,1.84888345139109e-08,-5.48986689530361e-28,7.383820266794781e-10,3.04750091251096e-08,0,9.5790630706233e-17,4.84759406520544e-08,8.62256074169046e-10,2.84094543798993e-09,4.84759405562638e-08,1.17576875967498e-17,0.154148535273353,0.4,0.911381276174579,0,8310,179.99999999995552,0.0,0.2347798009151832,4.153751448302727
968,low,215.093566894531,308.035095214844,275.471496770503,21.4237824867513,92.9415283203125,15232471.8854218,0,0,-7.44142656043045,5.45142702782283,1.0229883562510601e-19,0.368579342532619,12.8928535882533,0,-11.9252583455089,8.76211633870794,3.1371602893575803e-19,0.654311176011252,20.6873746842169,0,-19.1095914810206,12.8484144634025,-7.28197361913586e-19,1.17465542727476,31.9580059444231,0,0.0364274947553459,47.0958442166729,3.51002169566929,4.03718954965931,47.0594167219175,881.913283534606,0.580757457292697,1.0,0.0436023609742975,0,8304,367.426162719727,0.0,0.7452741309562914,8.533738388263778
885,med,182.353378295898,301.466217041016,271.289524481528,25.2800188110922,119.112838745117,15001225.5457306,0,0,-19.4549729109407,12.5340034888469,3.67643670699005e-19,0.539164252087873,31.9889763997876,0,-16.7560019364166,12.359429166243,1.85899958138788e-19,0.899590196412039,29.1154311026597,0,-17.9401509380487,16.3215233948476,2.37003740090583e-18,1.35384292083005,34.2616743328963,0,0.0843990396541537,75.1085547709394,4.32997767583531,4.89885556108338,75.0241557312852,1209.85732627996,0.60336625669176,1.0,0.0507868048603615,0,143,180.0,0.0,0.2582296577205277,4.1482501893862445
942,low,2.58760046958923,5.14840602874756,4.78721797044596,0.474487839164914,2.56080555915833,264714.00489378,0,0,-0.323064158696372,0.477617739824761,1.22961929871957e-20,0.0159695481786855,0.800681898521132,198,-0.772775297680661,0.639507592595946,-1.69991130417064e-20,0.0375736394508015,1.41228289027661,198,-1.26338760626407,0.818413504303964,-4.57044861122633e-21,0.0651231136451837,2.08180111056803,198,0.0002048180732242,2.59664123654326,0.111683567052928,0.216347421099402,2.59643641847003,0.189920502199009,0.132708877621577,0.7,0.0406329688100146,0,8314,182.0797114372253,0.0,0.2590881028557362,4.151757462467204
834,high,0.0,1.0,0.307596599490532,0.384240565931073,1.0,17008.8615654285,13930,0,-0.600491491368804,0.635104223366043,6.08336195158582e-21,0.0455561220467806,1.23559571473485,58,-0.671932952904107,0.613089735297734,2.34847917325484e-20,0.0741428874537549,1.28502268820184,58,-0.697991530388074,0.764907787274733,-1.01656330743385e-19,0.11575189950241,1.46289931766281,58,0.0,2.51260996135433,0.36075902122689,0.417742254818589,2.51260996135433,0.135878883864476,0.0290817355632215,0.8,0.649924311601296,13930,8337,183.4631152153015,0.0,0.963660008790989,4.074703998022527
967,low,221.157287597656,306.562377929688,275.465950319612,21.3958964071032,85.4050903320312,15232165.1888733,0,0,-7.3626224893427,4.73524198234546,3.65322172991716e-20,0.364789977567588,12.0978644716882,0,-12.2191882076763,9.66071835163326,1.00746064433749e-19,0.645665203437426,21.8799065593096,0,-20.3879641907457,14.1827065285646,-3.1478567763127297e-18,1.16741345156676,34.5706707193102,0,0.0596232647918229,50.5146208336547,3.45125374216643,3.94948283729224,50.4549975688629,871.849552933149,0.574848099246672,1.0,0.0435417616786431,0,8314,372.16242980957,0.0,0.7343078916897764,8.66969595946715
969,low,215.441162109375,309.890655517578,275.451422505081,21.4815801387479,94.4494934082031,15231361.8588409,0,0,-7.4524095561009,4.90209989816381,-1.6255287725843602e-19,0.365341004430176,12.3545094542647,0,-12.0673258921012,8.42886102171449,-2.40963625246261e-19,0.644550021164942,20.4961869138157,0,-20.5438903630228,13.1771084191299,8.614075081213331e-20,1.15795392212372,33.7209987821528,0,0.0483923540148272,49.2372946939544,3.53591129044496,4.0835431289309,49.1889023399395,914.416899225107,0.60443958454457,1.0,0.0436957581439508,0,8307,365.79740905761696,0.0,0.7552431277591879,8.487387905245564
742,high,0.0,0.254185408353806,0.015458168822902,0.0234727331053863,0.254185408353806,854.774903231188,138,0,-0.0367274454347227,0.0440744072475849,6.84790660997719e-22,0.0015890117471062,0.0808018526823076,0,-0.0916518706351067,0.0734538658440639,-8.70308651255731e-22,0.0028844440431862,0.165105736479171,0,-0.0772275407700156,0.0769374907869631,3.82495208416291e-21,0.0042133068077839,0.154165031556979,0,0.0,0.28521546612449,0.0086146134916997,0.0150426063337614,0.28521546612449,0.0005818464491925,0.0685907837430405,1.3,0.607129438079112,138,8338,654.451370239258,0.0,16.485438456149385,23.976026729832466
729,high,1.34717339771861e-15,3.05449418647186e-07,7.31301730879525e-10,4.752695385285741e-09,3.05449417300012e-07,4.04380605107142e-05,0,0,-6.84779517549423e-08,1.23734426852098e-07,2.50387409737245e-28,1.0058465719738302e-09,1.9221237860704e-07,0,-7.55726898764791e-08,8.9195741713283e-08,1.90381689646119e-27,1.20954805572477e-09,1.64768431589762e-07,0,-5.90727900137686e-08,9.49159116122151e-08,-5.43605493170869e-28,1.9223154650252e-09,1.53988701625984e-07,0,3.58609294326036e-16,5.54614820470699e-07,8.57515822097003e-10,6.993754309327091e-09,5.54614820112089e-07,3.35304262502273e-17,0.156264764649251,0.3,0.959369276954894,0,8316,179.99999173126162,0.0,0.310028950052436,4.144501755658951
913,med,221.758712768555,306.222076416016,273.669173312684,22.015393784259,84.4633636474609,15132810.6074982,0,0,-7.81650683946148,6.00817007078126,2.84509935867735e-19,0.470459367745465,13.8246769102427,0,-12.7959862734158,8.94582398376467,-2.4193027770098604e-19,0.797870776267588,21.7418102571805,0,-21.1677748533039,14.3068659070023,2.11075512572293e-18,1.39303620017428,35.4746407603062,0,0.0960440317586854,51.2319973666457,3.92203098884082,4.52468522888869,51.135953334887,879.617528396152,0.544331636537868,1.0,0.0452686522063013,0,8296,421.588073730469,0.0,1.5147016766638204,10.094469668452714
870,med,0.0,323.919860839844,169.17839805979,113.387429012025,323.919860839844,9354888.69911416,1145,0,-51.0486809166106,42.0407553140077,2.11470402469462e-18,1.98458883146414,93.0894362306182,964,-71.5524684316234,47.7139292768785,6.00658771916729e-19,2.68434738758142,119.266397708502,964,-88.1659589029819,57.3726811094141,3.2207800387532002e-18,3.66474850085192,145.538640012396,964,0.0,254.887117426811,13.0000391839327,19.7537184959319,254.887117426811,25394.5578243233,0.553520905435851,1.4,0.379123754437185,1145,8314,182.9180192947388,0.0,4.859509501681289,4.8227245458611225
821,high,-2.03860664367676,1.01317381858826,-0.0059424653798681,0.122848506810579,3.05178046226501,-328.59456564519,0,0,-0.337869188783778,0.33804177142003,9.45761548810352e-21,0.0105492853275634,0.675910960203808,0,-0.453386287126003,0.442202324406255,-1.10524479519623e-20,0.0180426737924222,0.895588611532258,0,-0.676251182984519,0.632456214847157,3.64877333640076e-20,0.030065490624401,1.30870739783168,0,0.0003114172820784,2.03966391523253,0.0650654628159681,0.10462108235801,2.03935249795045,0.013936952461983,0.0452505769428952,0.9,0.500437866285516,0,8297,182.4358196258545,0.0,1.2056191434885792,4.007129279394821
895,med,0.0,364.48974609375,170.402741439444,108.020313622322,364.48974609375,9422589.99063552,4630,0,-52.6423037323541,88.1835197904405,-2.93336921111356e-18,2.9404045649295,140.825823522795,4518,-109.703241342293,77.9263351126685,-9.27460882392953e-19,4.74288614831465,187.629576454961,4518,-99.4204432795795,72.4332874424239,1.22895069169407e-17,6.96423386600511,171.853730722003,4518,0.0,308.691958946053,20.3104948087905,21.2840120766171,308.691958946053,560326.593805219,16.2683215474488,0.7,0.358334475037513,4630,8305,179.99959861923708,0.0,0.2350226876509079,4.15373110272656
973,low,215.626083374023,320.269866943359,276.498209135676,22.4532642107877,104.643783569336,15289244.9723663,0,0,-12.5155568102358,10.35447281355,2.59909706995684e-19,0.66417446764787,22.8700296237858,0,-16.2050599834915,14.901724204399,-7.850874438135762e-19,1.02273212119899,31.1067841878905,0,-21.7331187870002,16.8113644292363,-1.80301158590036e-18,1.63476396675344,38.5444832162365,0,0.0267807875796961,67.8946405195656,4.47855413776117,5.81521875601809,67.8678597319859,930.149659544896,0.575328421749084,0.9,0.045440609226642,0,8298,422.457855224609,0.0,1.6243713217421247,10.112970073811791
833,high,0.0,1.0,0.311463372909672,0.384617534744819,1.0,17222.6786684132,13761,0,-0.551302137224152,0.660866437131274,2.89509538035282e-20,0.0455082608158201,1.21216857435543,120,-0.585182747511434,0.651865940844732,-4.70862894107632e-21,0.0734493162309842,1.23704868835617,120,-0.662954918288922,0.769063477217237,4.60857244656933e-20,0.113625707871359,1.43201839550616,120,0.0,2.61013800689345,0.358412738269465,0.414640524390674,2.61013800689345,0.135061923281325,0.0291319904708916,0.8,0.645077689131352,13761,8337,185.6152515411377,0.0,0.9541904957187812,4.11100367811563
900,med,0.0,368.460632324219,160.389263793294,82.0753288458136,368.460632324219,8868884.73071401,1145,0,-55.4345593315223,80.6721554956394,-7.616394775348112e-19,2.85663702821955,136.106714827162,964,-58.8720463383138,92.6348420769978,-4.22624785181346e-18,4.61823796977286,151.506888415312,964,-92.8549390598172,79.6904277335868,9.24602342268411e-18,6.73976731430831,172.545366793404,964,0.0,316.202839636756,19.1784862327847,19.2157116565391,316.202839636756,88890.753286,5.57515791979558,0.6,0.287834208601854,1145,8304,179.99967510835268,0.0,0.2350195085703502,4.153731127529261
744,high,0.0,0.196259722113609,0.0151788244015228,0.0173109362040064,0.196259722113609,839.328274106607,1,0,-0.0258043560740214,0.0428585189468209,-9.6324129208335e-22,0.0013855392170659,0.0686628750208423,0,-0.0406963178146674,0.0515712094429039,2.28744569678463e-21,0.0021689690469486,0.0922675272575712,0,-0.0457680645071528,0.0510007287038818,-2.40694862393669e-21,0.0031222804450158,0.0967687932110346,0,1.52805524268961e-06,0.19395146808805,0.0081131173507062,0.0115146015350626,0.193949940032808,0.0003393807803894,0.134069347689157,0.0,0.53184984669013,1,8338,657.847122192383,0.0,15.91999223455368,23.44728537558595
819,high,0.345726609230042,23.4917755126953,7.51120346030371,4.20982312205976,23.1460489034653,415339.506540954,0,0,-2.9606186807475,3.29727851226124,4.77318751573118e-20,0.192358552785428,6.25789719300875,0,-6.35931464749332,4.90027953923607,-4.22061554838626e-20,0.472623262068964,11.2595941867294,0,-8.19204124795433,7.14405515289098,7.15887934036589e-19,0.808290053307832,15.3360964008453,0,0.0488432033518904,22.5547300779731,2.72658568085737,2.1217243707846,22.5058868746212,17.858497024979,0.0704871303651914,0.8,0.31156113222555,0,8327,179.99475075351074,0.0,0.2365175962939402,4.153567156373433
746,high,0.0,0.191413179039955,0.0152651740864241,0.0177069304727775,0.191413179039955,844.103066282909,43,0,-0.0243381619534195,0.04857220673896,5.82967982701333e-22,0.0011794561184811,0.0729103686923795,0,-0.04229198773139,0.0497280691034527,-1.95575405364352e-22,0.0019777454537036,0.0920200568348427,0,-0.0476649483437771,0.0810203199908248,-5.57307097659296e-21,0.0033705337256914,0.128685268334602,0,0.0,0.220775200780968,0.0077733620726995,0.0111138055455352,0.220775200780968,0.000359005786835,0.162039637025745,0.0,0.570655070683264,43,8256,651.873596191406,0.0,16.672781021182228,23.92049077562105
950,low,2.62733554840088,5.0769739151001,4.75633549140939,0.474805637034248,2.44963836669922,263006.327332973,0,0,-0.330701917066716,0.468853583846304,-1.00835154849353e-20,0.0156999177363167,0.79955550091302,0,-0.777668724452543,0.647226525322533,-7.07225254435309e-21,0.0369007520460523,1.42489524977508,0,-1.27377010108789,0.823987453352941,-1.4472106906675902e-20,0.0636312050821427,2.09775755444083,0,0.0002964669601905,2.50232500550876,0.109149781230633,0.212216249144525,2.50202853854857,0.202071738028686,0.160074282577406,0.6,0.0412453570075825,0,8307,182.06784772872925,0.0,0.2589005499190309,4.15177186592995
740,high,-2.49930453300476,108.101936340332,18.2611411432813,14.7855754492565,110.601240873337,1009768.06065888,0,0,-12.0386917549941,11.0113409999162,-8.783653234050501e-20,0.546092190450662,23.0500327549103,0,-28.6371115613984,22.4316791461239,-3.4035651410683e-19,1.21486255248599,51.0687907075223,0,-19.8635292256924,23.9090653339483,-5.96111200976704e-19,2.19088060284878,43.7725945596407,0,0.0229908653599857,69.4934689044539,5.93565131030292,6.31440426855125,69.4704780390939,240.023863565996,0.0963868580078534,0.8,0.500437866285516,0,8337,179.99999999999994,0.0,0.2347797929334849,4.1537514495083485
711,high,0.0,0.993411898612976,0.301669910295742,0.192787819679677,0.993411898612976,16681.1393597134,483,0,-0.213248625496004,0.244788344407859,4.91100193304631e-21,0.0094032887216636,0.458036969903863,0,-0.314677609810253,0.290816318085059,-8.733093829616631e-21,0.0155857726757747,0.605493927895312,0,-0.37349912697776,0.58863566223003,-4.9666865064306204e-20,0.0257191891563613,0.96213478920779,0,0.0,1.40027913212986,0.0884074543331008,0.0751071704446488,1.40027913212986,0.0414116565096824,0.138914108400682,0.7,0.364590153476283,483,8306,179.4959546327591,0.0,0.2549133099377004,4.151951604530864
938,med,7785.73046875,44545.28125,18054.7729178181,6571.23740994344,36759.55078125,998356723.263672,0,0,-13539.9029306513,10564.5237921438,-4.03257955256078e-17,357.696943119807,24104.4267227951,0,-9538.78887536631,9523.1431056184,2.08825495034274e-16,405.612319140885,19061.9319809847,0,-9499.29535127912,8349.97409006424,1.6789402703115302e-15,580.033654538436,17849.2694413434,0,15.094312858749,56292.6746781583,1661.29201018935,2817.09017767276,56277.5803652996,95698854.4230218,0.590586598985152,0.7,0.204848104153932,0,8293,25273.3330078125,0.0,409.0770184962175,910.9025761481232
802,high,-29.2035598754883,40.1655426025391,0.124643447862167,8.37609292472901,69.3691024780273,6892.28409298638,0,0,-8.18767805783861,4.53189596719814,-2.7654057148321e-20,0.107970100037519,12.7195740250368,0,-8.55226871626534,10.0846457012893,-6.76050425554932e-20,0.385887756632624,18.6369144175546,0,-10.0109488432792,12.2531258441827,1.78347492782989e-19,1.01466158549513,22.2640746874619,0,0.0918479695203316,28.5978817758784,2.90317961183844,2.16966742030343,28.506033806358,68.3236896194893,0.0511630198550901,0.0,0.500437866285516,0,8292,180.002876493847,0.0,0.2471452749280162,4.152684932294329
778,high,3.0683652709001303e-17,5.20425622596576e-08,7.91647198988702e-10,2.9475383546177e-09,5.2042562228974e-08,4.37749235152792e-05,0,0,-9.93084785475796e-09,1.06463119196327e-08,9.03065028967952e-30,3.82343482476968e-10,2.05771597743907e-08,0,-1.53158782307984e-08,1.50023979191697e-08,1.4986256254341696e-28,5.49622191396707e-10,3.03182761499681e-08,0,-1.39812662862273e-08,1.46042820084748e-08,1.15817797542548e-27,7.552341192885561e-10,2.85855482947021e-08,0,1.50451422160888e-16,5.34576228490454e-08,8.89851902371689e-10,2.97518955030356e-09,5.3457622698594e-08,1.27996225722469e-17,0.127093030535773,0.5,0.915099798244732,0,8305,179.99999999999864,0.0,0.2347798009929048,4.153751448384338
790,high,5.9514222599206e-23,1.8593275530332e-10,3.4903049699301897e-12,1.0272173706167599e-11,1.8593275530326e-10,1.9299990361726e-07,0,0,-4.5508002616513895e-11,7.77996815781918e-11,8.87183261594892e-31,1.8264330177674e-12,1.23307684194706e-10,0,-6.331946185436209e-11,9.226323215556e-11,-1.33590875363771e-30,2.64257001514806e-12,1.55582694009922e-10,0,-5.74057295238038e-11,6.31938916907332e-11,5.56021075719341e-31,2.98291984781438e-12,1.20599621214537e-10,0,9.883833060766932e-24,3.84143720793216e-10,4.55424465921516e-12,1.3192846406551498e-11,3.84143720793207e-10,1.1918333790398001e-22,0.0941292745076927,0.4,0.883007512430082,0,8337,179.9999999999994,0.0,0.2347797929383128,4.153751449524735
739,high,-3.18920588493347,121.210647583008,18.7066242033898,15.4180332433328,124.399853467941,1034401.49195064,14,0,-8.51454406105543,11.5150094590126,-8.16151537718987e-20,0.523418679429689,20.029553520068,0,-32.1385655174586,21.7081342473101,1.43363604408922e-19,1.2425601529069,53.8466997647688,0,-20.2737032489475,25.6019583019849,-3.72085887933495e-18,2.01965385189712,45.8756615509324,0,5.50561596313059e-10,83.0946844743824,5.97985583695784,6.54454718200594,83.0946844738318,262.867136691353,0.0933210766720789,1.0,0.500437866285516,14,8337,179.9999999999999,0.0,0.2347797929499742,4.1537514495016765
727,high,6.21010410911167e-16,4.18057169326858e-07,8.01836870991855e-10,5.9800004207327905e-09,4.18057168705847e-07,4.43383716183656e-05,0,0,-8.21900999491707e-08,1.55181800776975e-07,3.4492486976442e-29,1.64885643077521e-09,2.37371900726146e-07,0,-9.97382751321913e-08,1.44579778833434e-07,1.220633541878e-27,2.07368213502116e-09,2.44318053965625e-07,0,-6.23860052924848e-08,1.19298844371196e-07,-5.14305626661483e-27,2.2945619392330203e-09,1.81684849663681e-07,0,1.47451559517499e-16,7.26617695522541e-07,1.1234390625299701e-09,1.08133704693046e-08,7.26617695375089e-07,4.8733011950317e-17,0.140685910543099,0.3,0.965697688977154,0,8302,179.99999115038372,0.0,0.3111193295390745,4.144379984018029
863,med,1.03966093063354,310.008209228516,169.283933278604,109.213555902061,308.968548297882,9360724.37457371,0,0,-68.5869005794388,52.3544079516885,1.84533578312126e-18,2.94023321219277,120.941308531127,0,-82.3856002544258,61.8306797773687,3.4257075099772697e-18,4.09209468816746,144.216280031794,0,-79.2225108685155,73.2371957565642,1.4321256613088e-17,5.27123843761587,152.45970662508,0,0.0873143760580198,303.082151233444,15.4687716392368,23.6652984720671,302.994836857386,23421.4690272011,0.533557525088711,1.6,0.363108178233472,0,8299,426.278579711914,0.0,5.108040719836283,10.310229225242718
789,high,7.26099068492756e-23,3.05349107110331e-10,3.70389373956953e-12,1.17646662126667e-11,3.05349107110258e-10,2.04810508223237e-07,0,0,-9.94170504145222e-11,9.245980258364487e-11,-1.49514396967592e-31,2.1590579122154498e-12,1.91876852998167e-10,0,-9.533945578854008e-11,1.51910960449421e-10,-9.86464820923676e-31,2.89001377080201e-12,2.47250416237961e-10,0,-7.010062932703939e-11,7.3625103477508e-11,8.15468792099939e-30,3.28489836992536e-12,1.43725732804547e-10,0,1.7151050817871302e-23,5.98110058917121e-10,4.70521897259471e-12,1.50305258100747e-11,5.98110058917104e-10,1.5977061215359699e-22,0.0920706848134212,0.4,0.893011781761188,0,8337,179.9999999999985,0.0,0.2347797929418238,4.153751449523218
796,high,-29.4065399169922,32.066967010498,1.21335351390592,8.43288904493721,61.4735069274902,67093.5959049415,0,0,-5.80513399518198,3.83098099676165,-2.32578679194725e-20,0.212567443083114,9.63611499194363,0,-9.91938746675019,6.67158809226779,3.1075937906330303e-19,0.437251249473168,16.590975559018,0,-8.48700635977168,7.22732505839178,5.5432669315101e-19,0.782302948215652,15.7143314181635,0,0.103766439167156,34.5233316728754,3.61577667650412,2.70812328610696,34.4195652337082,73.1043690903642,0.08612308518743,1.3,0.500437866285516,0,8333,179.99999999999997,0.0,0.2347797927471734,4.15375144956053
902,med,0.0,1.0,0.547292511575338,0.483618408907699,1.0,30263.0867200699,17198,0,-0.594692370186979,0.437269399202823,3.02604075199787e-20,0.0386813405449717,1.0319617693898,4188,-0.718283467989869,0.722228721289814,-3.61879773421443e-20,0.0641464046622605,1.44051218927968,4188,-0.743136245894732,0.788380301160328,7.16651264730841e-20,0.0865687926459731,1.53151654705506,4188,0.0,2.23617898615156,0.123315811614308,0.337667375604414,2.23617898615156,0.237589111253249,0.158675831672804,0.6,0.451582441205644,17198,8294,294.433700561523,0.0,6.048819704136768,6.645528982289173
758,high,-73.0020141601562,433.618896484375,63.7408092744032,74.0860023628729,506.620910644531,3524611.7896374,2,0,-204.47949890799,159.182026437759,-3.24267691883815e-18,5.5294396114093,363.661525345749,0,-162.199419708208,153.253982928246,3.85479901817758e-18,9.0993928771336,315.453402636454,0,-168.640547870957,159.886545295284,4.19097488526073e-17,14.0792007494563,328.527093166241,0,0.0244312839318044,666.833980873521,33.1606155100095,45.0493268188564,666.809549589589,6808.65392201036,0.243114377294762,0.4,0.500437866285516,2,8303,281.22139358520553,0.0,7.984378921427975,7.823492213589822
930,med,9.1613495897036e-05,0.0160818733274937,0.0044558503170971,0.0039727886312878,0.0159902598315966,246.390699134201,0,0,-0.0042132838017513,0.0043571167230364,1.00198953390263e-22,0.0001396867650104,0.0085704005247878,0,-0.0051429633004477,0.0043085910512476,-3.36417635664747e-23,0.0002498262741061,0.0094515543516953,0,-0.0062623800020772,0.0047239110920866,-2.84778945725649e-22,0.0004013686170219,0.0109862910941638,0,2.22620098818827e-06,0.0177138732359706,0.0010503685671996,0.0012425440321459,0.0177116470349824,6.57487046594935e-05,1.33452698503667,0.6,0.488591361582672,0,8294,384.61361694335903,0.0,1.5158624620223509,8.970829519984445
827,high,-0.914495468139648,0.82538229227066,-0.0143254736386229,0.113248899911981,1.73987776041031,-792.14139032129,0,0,-0.211359321033562,0.129521386900635,2.11071983268346e-21,0.0059224052934446,0.340880707934197,0,-0.160744954366332,0.271079260402442,2.30931737703122e-21,0.0087815721415023,0.431824214768775,0,-0.309051411957827,0.263310243379775,6.34465911619562e-21,0.0157207258492805,0.572361655337602,0,0.0006609112439114,0.94730819401483,0.0519820584274853,0.0595384500662287,0.946647282770918,0.0125633548248972,0.0663030896808995,1.2,0.500437866285516,0,8313,183.07715845108032,0.0,1.0758105287237103,4.039567489201478
751,high,-48.8885154724121,772.583557128906,58.5179963083436,82.4699517020903,821.472072601318,3235811.12386617,148,0,-133.615082717489,142.68725408774,4.26645985865837e-18,7.07962185288137,276.30233680523,0,-294.246395507727,266.927901721068,1.0925281110719101e-17,13.6617337900252,561.174297228795,0,-244.682703830248,332.053654332987,5.01081780530856e-17,20.8840348544704,576.736358163235,0,0.0,1024.09900994644,39.4428422495159,63.061909273458,1024.09900994644,7603.15541560357,0.145428514626089,0.4,0.500437866285516,148,8293,544.1823120117181,0.0,9.225285609688544,10.637355682515398
818,high,0.429915308952332,30.9378070831299,7.55351132206097,4.27728086146698,30.5078917741776,417678.962064683,0,0,-3.49484997614186,3.45199338983042,-7.15154623105402e-20,0.192619045396644,6.94684336597228,0,-5.98965460651454,5.00596387048713,3.7161668045373604e-19,0.46496810597692,10.9956184770017,0,-11.3176445517093,6.98320855839251,3.49820685767196e-19,0.849838579050846,18.3008531101018,0,0.0571126387015398,25.2260210710305,2.61853366465934,2.14843078057709,25.168908432329,18.6956764485318,0.0817486977701236,0.7,0.312214965361577,0,8328,179.99010426271707,0.0,0.2365785239790497,4.153566364417534
901,med,0.0,1.0,0.540384330300658,0.481368179695846,1.0,29881.0919283052,17198,0,-0.594692370186979,0.437269399202823,3.47177008870397e-20,0.0386713534480469,1.0319617693898,4188,-0.718283467989869,0.722228721289814,-5.93899487441433e-20,0.0639913835010411,1.44051218927968,4188,-0.743136245894732,0.788380301160328,6.204663775922861e-20,0.0869348334336914,1.53151654705506,4188,0.0,2.23617898615156,0.124432402887921,0.334322334871685,2.23617898615156,0.232139834700744,0.153031138263824,0.7,0.457983893706997,17198,8294,369.48095703125,0.0,6.608470992000197,9.714201926025028
780,high,1.66416331536481e-18,6.43730757587946e-08,7.81894923174818e-10,2.9828866125104702e-09,6.43730757571304e-08,4.32356616718747e-05,0,0,-1.05519259353618e-08,1.24557686605475e-08,-2.56175206047047e-28,4.14111908992802e-10,2.30076945959093e-08,0,-1.2749384985844e-08,1.91390546700327e-08,4.67294667202024e-28,5.46611749941506e-10,3.18884396558768e-08,0,-1.44595044463655e-08,1.51408602480371e-08,2.40708388110168e-28,7.81612163627415e-10,2.96003646944026e-08,0,7.10177777617547e-17,6.14620823930223e-08,8.91258293713305e-10,3.04935840939192e-09,6.14620823220045e-08,1.30921506189163e-17,0.123253430843769,0.5,0.91610764731833,0,8304,179.99999999862646,0.0,0.2347798010339974,4.153751448410205
849,high,0.0,1032.62048339844,189.808032035915,241.140155444005,1032.62048339844,10495624.9394579,19219,0,-300.976124147437,218.064059307473,-4.2715557814128e-19,15.5374039152139,519.04018345491,9074,-434.089561855488,427.782126684658,-1.94044219141126e-17,23.0237360591492,861.871688540146,9074,-482.962007109494,377.610933529145,6.38110702234495e-17,30.5605089711207,860.572940638639,9074,0.0,1210.71489368251,69.3140131319562,115.668489494953,1210.71489368251,293542.957265568,2.52216938024545,0.6,0.656015168343281,19219,8285,184.6298189163208,0.0,0.8444235103610189,4.117523505650556
896,med,0.0,409.353332519531,169.342316786941,118.059994928794,409.353332519531,9363952.74905069,6912,0,-70.7976435272859,100.480896627688,1.34282956571382e-18,3.15872405901245,171.278540154974,6822,-126.77360786457,92.0968602879698,1.75108572121949e-18,5.04930041740113,218.87046815254,6822,-100.822540623116,71.3270468259349,2.4776027423094698e-18,7.56390902911752,172.149587449051,6822,0.0,401.75610406581,21.5800823895687,23.1625022028667,401.75610406581,166537.441856461,5.94967017822233,0.7,0.398484750711688,6912,8304,179.9996466886951,0.0,0.2350278629765098,4.153730921754653
777,high,1.31455278249131e-17,4.58264217684246e-08,7.7595805791036e-10,2.8531679636587303e-09,4.5826421755279e-08,4.29073767702113e-05,0,0,-1.06839091246251e-08,1.043206767733e-08,-2.1349828634303e-29,3.8507846735128893e-10,2.11159768019551e-08,0,-9.774519405881273e-09,1.48566754862887e-08,2.34069908024972e-28,5.254405831134571e-10,2.46311948921699e-08,0,-1.25486765807275e-08,1.28713737185914e-08,2.40357170710685e-28,7.36840470671507e-10,2.54200502993188e-08,0,6.9587756329923e-17,5.05976419264147e-08,8.64936622950574e-10,2.8688844821514304e-09,5.0597641856827e-08,1.1800414985521501e-17,0.122088212047482,0.5,0.915478042367519,0,8296,179.99999999999872,0.0,0.2347798010460559,4.153751448374715
915,med,209.971801757812,303.171142578125,273.775703785596,21.9473998302994,93.1993408203125,15138701.3165283,0,0,-9.15780569047893,6.27731716177457,1.7866267923269e-19,0.495288078264801,15.4351228522535,0,-14.2371121247017,11.9689863199736,4.3372645583684915e-19,0.845389247118793,26.2060984446753,0,-21.8713240216341,19.2578024553862,-3.82107836671801e-18,1.40891999609328,41.1291264770203,0,0.0485801671316074,62.0756741661193,3.96899493567677,4.70679045821791,62.0270939989877,870.828113204977,0.543402741820378,1.0,0.0450667948155235,0,8293,422.100845336914,0.0,1.518452208139599,10.10885144453697
961,low,222.856475830078,307.458526611328,275.009744898313,21.5456269114215,84.60205078125,15206938.8538971,0,0,-6.78730178838947,6.32168484236664,2.3628935015e-19,0.433566204032984,13.1089866307561,0,-9.63896590354645,8.30289783714179,1.79092966332813e-19,0.714699439018019,17.9418637406882,0,-20.1190207309903,13.8167656029404,-9.649166008915613e-19,1.23988348113325,33.9357863339307,0,0.0677364372040691,46.9215972710727,3.76354971913334,4.29452803588221,46.8538608338687,887.42390333711,0.593726062364578,0.9,0.0439835510041908,0,8297,384.048461914062,0.0,0.7847679850007856,9.012864146994172
879,med,65.9153289794922,690.100463867188,427.983481168333,171.645425553197,624.185134887695,23665774.5746841,0,0,-52.8561572954244,77.8051960885005,5.0395323202567e-19,3.2954068844342,130.661353383925,0,-67.1422829828605,52.0094956426547,1.37487858663823e-18,5.11903135083783,119.151778625515,0,-116.416908048758,76.0381544032215,8.969827938697929e-18,7.35283716291766,192.45506245198,0,0.532697613740806,252.772361083577,25.2833425025558,22.288176595455,252.239663469836,57802.9642782953,0.529122193055469,1.9,0.227723339439806,0,8289,180.0,0.0,3.2466558456803383,5.12091439830594
770,high,-1.27332160747559e-23,1.12474651814409e-06,2.90560977122753e-08,6.23614502927254e-08,1.12474651814409e-06,0.0016066859790979,399,0,-1.70036958505234e-07,2.37366975276633e-07,7.641724805946498e-29,7.041015023606441e-09,4.07403933781867e-07,0,-2.71254364894373e-07,3.85560738521916e-07,1.3907194339781599e-28,1.46218212278026e-08,6.56815103416289e-07,0,-3.1724128284681e-07,3.57553717756304e-07,-1.96381809367422e-26,2.19651126131947e-08,6.74795000603115e-07,0,0.0,1.4429997131263e-06,3.82197835742309e-08,7.78153499587639e-08,1.4429997131263e-06,3.83794613343565e-15,0.0302247665295217,0.7,0.500437866285516,399,8315,182.4937853813172,0.0,1.6363048890320944,4.179706738819376
943,low,2.63398385047913,5.16796731948853,4.7957935137243,0.474976667325549,2.5339834690094,265188.198134899,0,0,-0.326705353794509,0.502097343518684,-4.26457560249561e-21,0.0158961561835975,0.828802697313193,0,-0.769521138845525,0.638107346123942,2.14479814210469e-20,0.0372939505757254,1.40762848496947,0,-1.26173222893875,0.812225094735843,7.41369508533156e-20,0.0645216664158714,2.0739573236746,0,0.000196587070382,2.55501946464172,0.110965862596936,0.215366702567949,2.55482287757134,0.187776050819325,0.133460526001976,0.7,0.0414246151668303,0,8317,182.1165902614593,0.0,0.2597033436086821,4.151740847490133
872,med,113.858299255371,713.756042480469,421.073838375923,185.447268109277,599.897743225098,23283698.966835,0,0,-43.3724895367388,54.6310101698909,3.8350083333239495e-18,3.53976549105013,98.0034997066298,0,-89.8547376568246,74.7997938649238,5.11050319136099e-19,5.81849300747081,164.654531521748,0,-118.849347966808,76.9765558843551,3.26812761192518e-18,8.73747973850689,195.825903851164,0,0.355463759549711,332.006434785237,27.5571055631575,30.8748312797871,331.650971025688,76846.8172183149,0.61714038006289,1.4,0.251722868358217,0,8298,204.2292957305908,0.0,3.014220048890344,5.4363376133923325
878,med,59.8119201660156,696.015686035156,436.616646068309,170.15701618822,636.203765869141,24143154.0609932,0,0,-80.4527005055069,66.2603417096217,2.9165540385310297e-18,3.53481436562102,146.713042215129,0,-82.4387241096461,61.6492996832062,3.884149479154501e-18,5.36765440886814,144.088023792852,0,-86.7497160901476,95.9637890808723,-9.54537114056191e-18,7.80198030104595,182.71350517102,0,0.206305150105878,315.086751735356,26.0607991904998,23.6311654557368,314.88044658525,73351.5467117003,0.784073761906141,1.3,0.219056083787171,0,8286,212.570251464844,0.0,3.610309669683159,6.19300227003741
869,med,0.695668041706085,307.421203613281,167.852876291783,102.800059993144,306.725535571575,9281592.64743042,0,0,-49.4437989822802,43.2111476343317,2.1210528503502e-18,1.99592507826883,92.6549466166119,0,-58.6925688581511,39.8765659820426,2.29246437242429e-18,2.65871607725197,98.5691348401937,0,-54.4388480090223,51.9208209149773,-9.504297885517733e-19,3.84130981203405,106.359668924,0,0.129034695864215,205.179138752835,12.7561820354018,16.0534384164828,205.05010405697,19949.4661251385,0.51006695425297,1.7,0.345145829514774,0,8307,180.0,0.0,5.066604735454486,5.046151854686774
828,high,-1.74432981014252,0.455633878707886,-0.0169713296865407,0.11967584485802,2.1999636888504,-938.446646346954,0,0,-0.136718202520517,0.189433522957823,-2.9170677483277402e-21,0.0057661978161118,0.32615172547834,0,-0.335166032112934,0.323749115515677,6.80101724508054e-21,0.010053886801973,0.658915147628611,0,-0.495758239812515,0.562329047272118,2.9290159127312904e-20,0.0185265545837926,1.05808728708463,0,0.000558584761922,1.91147058205,0.0521926635981013,0.0656214673250138,1.91091199728808,0.0138184003495916,0.0701063546820981,1.3,0.500437866285516,0,8303,179.59338986873627,0.0,1.0374657957578488,4.01576726112271
830,high,-1.00371372699738,0.630999028682709,-0.0196465560617194,0.117549836496506,1.63471275568008,-1086.37596398884,0,0,-0.243796969016348,0.302661963305886,4.29337374234005e-21,0.0064663787611687,0.546458932322234,0,-0.190820134532576,0.308708671670415,-8.76613509964027e-21,0.008723789505446,0.499528806202991,0,-0.170507274804471,0.170801120503774,1.82938038819468e-20,0.0140418828368176,0.341308395308245,0,0.0005460847175917,1.27281714628269,0.0533179724875424,0.0586997006731385,1.2722710615651,0.013181580312782,0.0687248443480222,1.4,0.500437866285516,0,8297,179.44566690921783,0.0,1.0364053402317257,4.01824835100207
725,high,2.3456690708317803e-15,4.32421842333497e-07,9.93940575352886e-10,6.1888069515191814e-09,4.32421839987828e-07,5.49609380547132e-05,0,0,-1.06960061830778e-07,1.96758025698933e-07,8.15765870137489e-29,1.57423888617095e-09,3.03718087529712e-07,0,-1.01966681464129e-07,1.30377562744206e-07,-2.38701841067007e-28,1.79028583066682e-09,2.32344244208335e-07,0,-6.1815640798998e-08,1.12578165131374e-07,-1.36540696525138e-27,2.11211560835628e-09,1.74393805930372e-07,0,4.46958979862327e-16,8.44963268083885e-07,1.1592293704436e-09,1.04559109007619e-08,8.44963267636926e-07,5.55615348727808e-17,0.170436647019128,0.3,0.957119100389917,0,8304,179.9394548945129,0.0,0.3104509312667184,4.144402373707418
970,low,219.120956420898,308.572296142578,275.504058750139,21.4659128132652,89.4513397216797,15234272.4326477,0,0,-7.02439078473788,5.88482951968128,1.1172207716331e-19,0.351525377016145,12.9092203044192,0,-10.5599322611508,8.29253041062998,2.14848399764159e-19,0.636911670797406,18.8524626717808,0,-20.6511017196195,13.2020172458268,8.373312828491752e-19,1.14874838156612,33.8531189654463,0,0.0148629613207799,47.9329088970191,3.51057906452977,3.99061958373882,47.9180459356983,910.489911754724,0.602562542213658,1.0,0.0436237602658145,0,8276,363.843017578125,0.0,0.7395940364333627,8.432978966869314
898,med,0.0,347.288787841797,148.629583389997,85.5564423634925,347.288787841797,8218621.44313328,2880,0,-62.3556305309183,59.5648242452196,9.79923005201308e-19,3.1543670711781,121.920454776138,2790,-69.9540834646831,73.4930044872747,-1.75670025558167e-18,5.15571177690935,143.447087951958,2790,-92.8764328239971,81.9390323256525,1.98434722269171e-18,7.2786767099382,174.81546514965,2790,0.0,311.059199571217,21.2962690682018,21.9224873219262,311.059199571217,29833.1774176273,1.97089274994898,0.6,0.326893018489165,2880,8302,179.99964160600211,0.0,0.2350236260896107,4.153731009773349
823,high,-1.66408407688141,1.05992484092712,-0.0038197059126648,0.116660314163104,2.72400891780853,-211.214458146717,0,0,-0.582261251543504,0.365356808765409,-7.93848297499039e-22,0.0096611177161136,0.947618060308913,0,-0.323988683641844,0.397097329961232,9.45229147029518e-21,0.01107278446482,0.721086013603075,0,-0.552959784514732,0.364873199480552,3.94245921743987e-20,0.0205365785072021,0.917832983995284,0,0.0002125764731668,2.20289255077675,0.0534323385023416,0.0826539923440267,2.20267997430358,0.0135494393521044,0.0607881866879163,1.2,0.500437866285516,0,8303,183.3121747970581,0.0,1.0254818252006812,4.019653926880944
974,low,216.067993164062,317.271453857422,275.986779443368,22.3507462229232,101.203460693359,15260964.9561005,0,0,-12.6485457027818,11.1183262520376,2.17093367946628e-19,0.610024676506739,23.7668719548193,0,-16.4629716564144,15.6057080643072,5.3554264689269e-19,0.997305580221822,32.0686797207217,0,-20.0874947125823,16.7800313601406,-1.80275277027758e-18,1.57979179821735,36.8675260727229,0,0.0225568671618511,65.9889383110402,4.39354477952148,5.63501980135393,65.9663814438784,883.983402777798,0.546755139426314,0.9,0.0453596754459222,0,8296,422.389358520508,0.0,1.6234370204794315,10.10654492033568
732,high,-1.98866856098175,105.640617370605,18.1125054921486,17.4286642650672,107.629285931587,1001549.10369385,5,0,-9.42167262337557,12.5886034500776,-1.7752300816650602e-19,0.551092943125994,22.0102760734532,0,-18.0363210018754,21.0709095371893,9.971869768797061e-19,1.24424233245151,39.1072305390647,0,-22.0055300921015,26.6413304481298,5.9060166340694096e-18,2.18692868170535,48.6468605402313,0,0.0123870139698906,75.7916814517924,5.96628290100612,6.6731588407364,75.7792944378225,337.749591232362,0.11445345652567,0.9,0.500437866285516,5,8337,179.9999999999999,0.0,0.2347797928990293,4.153751449516286
800,high,-22.6067981719971,31.8849029541016,1.63180753782507,8.33050771008743,54.4917011260986,90232.4296115751,0,0,-4.19011659324029,4.0605363855513,-1.57485385008022e-20,0.201144257679749,8.2506529787916,0,-7.23333796814075,7.31578101445055,-3.63715236788396e-19,0.414275033175969,14.5491189825913,0,-7.75791236970292,7.9991812274587,1.7343450561647198e-18,0.772158605242138,15.7570935971616,0,0.0839832350913354,31.3632256006244,3.48426528526515,2.49246024644965,31.2792423655331,71.2937301744607,0.0916405101133971,1.4,0.500437866285516,0,8337,180.0,0.0,0.2347797927471351,4.1537514495605175
767,high,-9.61870486852192e-24,1.15647753773374e-06,2.72503563512212e-08,5.73868614217831e-08,1.15647753773374e-06,0.0015068357047971,879,0,-1.39071436036875e-07,2.11639006250199e-07,-4.24341428600136e-28,6.53784531940989e-09,3.50710442287074e-07,0,-1.98666629006318e-07,3.15855213468205e-07,-1.8714965710586798e-26,1.28609717775368e-08,5.14521842474524e-07,0,-2.91848632563351e-07,4.99221927687478e-07,1.68991536140679e-28,1.92333410176303e-08,7.91070560250829e-07,0,0.0,1.55085454902509e-06,3.62004883614429e-08,7.55862523811875e-08,1.55085454902509e-06,3.36953029306754e-15,0.0276035177448327,0.0,0.500437866285516,879,8313,182.0827775001526,0.0,1.728880924967353,4.166698526059855
949,low,2.63631916046143,5.07653522491455,4.75289079886258,0.479500734168138,2.44021606445312,262815.849613905,0,0,-0.333193419470572,0.469356065488656,-7.89926848669158e-21,0.0156155076102885,0.802549484959228,0,-0.78470536126612,0.6585060456843,1.90668616074757e-20,0.0367393866134601,1.44321140695042,0,-1.27977494732041,0.83926764131513,1.06486942975419e-20,0.0633171639771217,2.11904258863554,0,0.0001189629871301,2.461401440403,0.108267394366105,0.210818307466099,2.46128247741587,0.209163947921549,0.167228179487156,0.6,0.0419082620245586,0,8314,182.09289455413816,0.0,0.2588615917166932,4.151820755385184
766,high,-1.52711076273815e-24,1.43602869684401e-06,2.75662805885818e-08,5.87736611423077e-08,1.43602869684401e-06,0.0015243050514262,763,0,-2.08620440349291e-07,2.43402640196749e-07,5.1536429023441496e-27,6.790794041798491e-09,4.5202308054604e-07,0,-3.92300380508799e-07,7.07845304036236e-07,2.35081626850016e-27,1.53923034468624e-08,1.10014568454504e-06,0,-3.49264434331285e-07,3.28885441833119e-07,-7.24871046822488e-27,2.04623845528188e-08,6.78149876164404e-07,0,0.0,1.8925372244706e-06,3.67619361112193e-08,8.09294515671575e-08,1.8925372244706e-06,3.5772926734084e-15,0.0441450831442107,0.4,0.500437866285516,763,8314,182.28017735481265,0.0,1.78779010227783,4.184022838959502
843,high,0.0,1065.337890625,191.666731188574,244.391957671223,1065.337890625,10598403.5678034,19227,0,-376.428276158077,347.030209836131,9.738996597986109e-18,15.3247145475842,723.458485994209,9164,-327.130649984172,301.919739652048,-4.07425200498616e-18,18.8971951277489,629.05038963622,9164,-456.935644279388,355.733078312142,-6.5156535002777e-17,25.5850387813982,812.66872259153,9164,0.0,1399.33836773948,65.9317192619275,108.425069638585,1399.33836773948,233968.552508025,1.3220183591457,0.7,0.657386381680411,19227,8297,185.45489025115967,0.0,0.8441693220047893,4.120593422859153
975,low,219.542999267578,330.710296630859,276.56427847594,22.1023735347141,111.167297363281,15292898.3426056,0,0,-11.1564402096559,10.7772590443886,6.99659018054127e-19,0.623280298002295,21.9336992540445,0,-14.7974730738105,13.8965414656656,-7.17294202350567e-19,1.01984565862275,28.6940145394761,0,-19.3624927238025,16.495337594423,1.15143933412264e-18,1.57019140305565,35.8578303182255,0,0.0481320935755831,67.9787975877074,4.39678306433754,5.60697623441903,67.9306654941319,922.136749736962,0.598313532252367,0.9,0.0448511372179932,0,8292,422.289932250977,0.0,1.6066991583190575,10.115470206858072
795,high,-28.9765739440918,27.1827392578125,1.1532698680557,8.51325169850119,56.1593132019043,63771.2106240078,0,0,-6.60335238228765,4.56769103996247,-1.18943425183536e-19,0.22191445362631,11.1710434222501,0,-7.36508103796484,6.02871728933703,5.28131690694276e-20,0.418973009560761,13.3937983273019,0,-10.9603950646553,7.52416441773834,-7.06464692498385e-19,0.775971395540445,18.4845594823936,0,0.0689093474716235,43.9039769339882,3.69212472172322,2.94893714218447,43.8350675865166,73.6342689995339,0.0821685419681088,1.3,0.500437866285516,0,8329,179.99999999999994,0.0,0.2347797927472341,4.1537514495605175
764,high,-4.10195418718992e-25,9.04427736259095e-07,2.89331839284916e-08,5.74604410188843e-08,9.04427736259095e-07,0.0015998893385098,398,0,-1.78339218499948e-07,2.29674352506784e-07,-6.16140540449635e-28,6.971172806113661e-09,4.08013571006732e-07,0,-2.50041025109873e-07,3.98442190107764e-07,-4.00477302346626e-27,1.46741524628382e-08,6.48483215217638e-07,0,-2.20177930241935e-07,2.94835002352207e-07,-1.3612400717286002e-26,2.07245110795499e-08,5.15012932594142e-07,0,0.0,1.0491879289863e-06,3.80131126678153e-08,7.31664299655471e-08,1.0491879289863e-06,3.1474445012333104e-15,0.0339278773146071,0.7,0.500437866285516,398,8303,181.7134546041489,0.0,1.6247327145616537,4.160812517865704
959,low,184.547943115234,220.789199829102,203.548871308841,9.96006195439163,36.2412567138672,11255438.3878937,0,0,-4.83807003986557,8.73928736772254,3.0257899171362004e-20,0.0544369941450235,13.5773574075881,0,-10.8721578613343,7.72287833651779,-2.8295312068227203e-19,0.0811352533909841,18.5950361978521,0,-4.09329807485704,6.19899672425445,-1.9411171707911e-19,0.0974230914303784,10.2922947991115,0,0.022343327644998,8.3247216933574,1.15700825952322,0.932395990672445,8.3023783657124,101.066091111861,0.18554658625672,0.0,0.0279406004211825,0,8294,420.26431274414097,0.0,1.4233807011726738,10.059173634092003
825,high,-1.59439826011658,0.641810297966003,-0.0156767065350488,0.122381622378822,2.23620855808258,-866.859164562058,0,0,-0.261484589507757,0.50053456124962,4.5810487775946e-21,0.0080959958773266,0.762019150757376,0,-0.399871912338098,0.493112157686504,4.49703345970734e-21,0.0113595920067855,0.892984070024601,0,-0.595631113735801,0.429895817406525,2.84364474625202e-20,0.0188520635427458,1.02552693114233,0,0.0004250717985123,2.1684038146373,0.0591765922581729,0.0783424746536412,2.16797874283879,0.0154588727902173,0.0579671405777984,1.1,0.500437866285516,0,8303,181.0863115787506,0.0,1.0560867281356252,4.037514085809169
882,med,207.253952026367,300.455322265625,268.84176142431,26.1275117922834,93.2013702392578,14865874.0397186,0,0,-8.63303456133428,6.81921509284328,-3.66627035089859e-19,0.542722244999901,15.4522496541776,0,-13.8493629661234,11.6981445093459,7.33599172994906e-19,0.927024927982064,25.5475074754693,0,-18.898485334452,16.0466401544849,-1.21480308467807e-18,1.50506330321991,34.9451254889369,0,0.108324845351934,63.1718535303348,4.38440372468979,5.14445088886981,63.0635286849828,1307.07234613218,0.589890865659581,1.0,0.054312785266427,0,143,180.0,0.0,0.2628346567347518,4.147539292484956
874,med,67.4768142700195,693.077392578125,418.36762807877,178.749239669184,625.600578308105,23134056.3622437,0,0,-78.9601147470404,53.8008652977163,2.8951586137152e-18,3.79688191420467,132.760980044757,0,-91.5213149586699,70.6762486953961,5.72049558592381e-18,5.7183050168252,162.197563654066,0,-93.4169685912403,99.478507215146,9.737945649699701e-18,8.40500268540746,192.895475806386,0,0.287154245276339,365.442568635363,27.6436812757867,27.4501708753238,365.155414390087,67300.6410173958,0.555553494689591,1.7,0.24444426280352,0,8301,185.85265684127808,0.0,3.542080992546467,5.715139382802359
812,high,0.342800199985504,28.147029876709,7.33372570281682,3.98418180284686,27.8042296767235,405525.696462959,0,0,-5.03898955274137,3.05730305762585,-1.12202454644971e-20,0.193549043570324,8.09629261036722,0,-7.08196549287861,5.59824319230541,2.57460371588356e-19,0.482501277003326,12.680208685184,0,-8.80909737084875,7.26350554805854,1.32867313543795e-18,0.882019839443782,16.0726029189073,0,0.0489124152868252,21.0427130335057,2.6072573246123,2.1043935480055,20.9938006182189,16.1053201497944,0.0719255827163475,0.7,0.301394805249569,0,8316,179.99554353253916,0.0,0.2364987775992664,4.153565394353644
908,med,0.0,1.0,0.546180228478629,0.472593694889975,1.0,30201.5819139543,17198,0,-0.594692370186979,0.446298271709901,3.02443579183713e-20,0.0406604454147668,1.04099064189688,4188,-0.718283467989869,0.722228721289814,-4.39821148918226e-20,0.0670703665633781,1.44051218927968,4188,-0.753362511958489,0.788380301160328,1.54419914930538e-20,0.0922572039450901,1.54174281311882,4188,0.0,2.23617898615156,0.148743156941738,0.360643224601074,2.23617898615156,0.234319792693919,0.139742034793629,0.6,0.449767568761099,17198,8293,278.3127975463867,0.0,6.3444326127062745,6.406171260340529
759,high,-51.7971801757812,461.816375732422,64.0599364244553,74.1229824099004,513.613555908203,3542258.24452668,0,0,-162.334084548067,125.702242426481,2.1993744772861e-18,5.64652454262955,288.036326974549,0,-178.986953679758,230.401207726817,4.01597480247156e-18,10.6224002029651,409.388161406575,0,-152.895874822438,146.678249465197,5.04861400360182e-17,14.737044645966,299.574124287635,0,0.0610466222817823,645.138238714108,33.8608344815035,47.6252996466076,645.077192091826,6712.80092779995,0.230547383647235,0.4,0.500437866285516,0,8309,289.2682189941408,0.0,7.855194719827082,7.772590504869323
829,high,-0.802215397357941,0.481474667787552,-0.0168744331201788,0.11539379317468,1.28369006514549,-933.088653813404,0,0,-0.187597046661527,0.212178395560405,2.50231326192986e-21,0.0060083786621791,0.399775442221932,0,-0.149371804376025,0.215876771515843,-3.94255246673577e-21,0.0084169149344635,0.365248575891868,0,-0.142191824169198,0.20122437530153,-1.8413898252361902e-20,0.0141145151294135,0.343416199470728,0,0.0004772112941395,0.903452781695163,0.0524231114521935,0.0560581950367462,0.902975570401024,0.0127339796002991,0.07055207204856,1.8,0.500437866285516,0,8299,179.37026053667068,0.0,1.0307158744901035,4.00510954888792
977,low,214.748504638672,322.083618164062,276.470373142373,22.5037173246716,107.335113525391,15287705.7532806,0,0,-13.5894944101952,9.53607602399108,4.98270072308965e-19,0.682561623112048,23.1255704341863,0,-17.2904898417595,18.6344445563445,-2.1544347962409401e-19,1.03950849757057,35.924934398104,0,-19.7748796074567,17.7656952094982,-2.31918797392876e-18,1.63785792004038,37.5405748169549,0,0.0215735319498962,71.2249820824685,4.48174033113142,5.88836433401964,71.2034085505186,940.024470071772,0.581244219926046,0.9,0.0455308106943465,0,8297,421.942291259766,0.0,1.6103851101353177,10.098907153635768
753,high,-43.1872863769531,732.747497558594,65.9253850887755,83.5996193711573,775.934783935547,3645410.09386893,0,0,-93.1240184645297,88.6017150184293,-4.0591112910539904e-19,5.21961476299678,181.725733482959,0,-221.886797244722,177.795184084962,-6.79311834422968e-18,10.5778729280035,399.681981329684,0,-219.469420120417,222.669103812858,3.5100070854184e-17,16.4409306570917,442.138523933275,0,0.0264680840633343,764.155412108258,35.0849767330765,50.600099429902,764.128944024194,8612.04394162001,0.221863054583059,0.4,0.500437866285516,0,8284,500.282897949219,0.0,8.359673676912367,11.141655723887276
728,high,1.7443494760267602e-15,3.42575418699198e-07,7.28052911870777e-10,5.25981163394386e-09,3.42575416954849e-07,4.02584138148065e-05,0,0,-7.07423539952599e-08,1.24557195056521e-07,5.07329314451913e-28,1.32689393628555e-09,1.95299549051781e-07,0,-8.99809679524572e-08,1.08852846983522e-07,-5.82671054245893e-28,1.63481259928418e-09,1.98833814935979e-07,0,-5.38706644388381e-08,9.87710386761278e-08,-2.26682628440695e-27,2.1176039775659302e-09,1.52641703114966e-07,0,5.72302199975096e-16,5.78553229363647e-07,9.58582705526437e-10,8.54350924095878e-09,5.78553228791345e-07,3.95568537361889e-17,0.14185354233812,0.3,0.964844236254123,0,8308,179.99999735262554,0.0,0.3108291529967701,4.14442769033468
716,high,0.0,0.975737810134888,0.293801966280098,0.184986778082134,0.975737810134888,16246.0735274243,97,0,-0.189252463016583,0.237480742786215,-5.29959300303233e-21,0.0086347113110299,0.426733205802799,0,-0.217796536059423,0.268435479758478,2.86091616255593e-21,0.0130315608758736,0.486232015817901,0,-0.279192064844917,0.341650718225802,-9.35902781361479e-21,0.0216714811694628,0.620842783070719,0,0.0,1.24407259758908,0.0868145782399965,0.0688559942540546,1.24407259758908,0.0382486893301641,0.158862864439834,0.0,0.359197889287602,97,8328,179.45155656337738,0.0,0.2548095814897101,4.152057944073556
917,med,216.450988769531,303.395812988281,273.734198101141,22.0218221620188,86.94482421875,15136406.2182007,0,0,-8.7808920692452,5.6825550123598,5.41982462415648e-19,0.48036846210105,14.463447081605,0,-14.8997799103661,10.0200772608393,-3.60920744952321e-19,0.822618085490613,24.9198571712054,0,-22.5585145857834,14.486248100919,-4.25798756846141e-19,1.36392978330241,37.0447626867024,0,0.0680261870753272,53.9709324552051,4.00866409370536,4.59354527428589,53.9029062681298,859.5756913153,0.528517087866621,1.0,0.0452278976184036,0,8295,420.544982910156,0.0,1.530298947910503,10.058048754361716
765,high,-1.09219155479493e-22,1.34535548568238e-06,3.05533344861995e-08,6.46296020617781e-08,1.34535548568238e-06,0.0016894771837488,568,0,-1.75089906327802e-07,3.00162014576103e-07,7.862882907997428e-28,7.227604020511571e-09,4.75251920903905e-07,0,-3.60461592112525e-07,3.12513121613911e-07,9.41165608015733e-27,1.41772753189066e-08,6.72974713726436e-07,0,-3.64093980135902e-07,4.16962493502576e-07,1.69668568708317e-26,2.25063401299627e-08,7.81056473638477e-07,0,0.0,1.66036205186063e-06,3.99477485416672e-08,8.39357056113928e-08,1.66036205186063e-06,4.2737434310741604e-15,0.0378404163512382,0.5,0.500437866285516,568,8306,182.47755098342896,0.0,1.6635570048829262,4.165425347846833
934,med,8304.1142578125,41674.125,18038.7066518995,6454.65780910618,33370.0107421875,997468323.023438,0,0,-10174.5090487804,17917.2073761065,-4.92478759033531e-17,316.812371416663,28091.7164248869,0,-9218.31430947178,8238.02352267578,1.5190834753955099e-16,376.109416991478,17456.3378321476,0,-9088.33149617962,7704.82071027321,1.0161383694350301e-15,524.819272597541,16793.1522064528,0,13.2338237625132,77244.0565988436,1565.13954058794,2514.3286395352,77230.822775081,88501995.3488051,0.535742760076147,0.8,0.201985999142133,0,8288,22032.02734375,0.0,390.36966357892726,878.951579182298
850,high,0.0,996.067077636719,192.291276915421,243.01858505968,996.067077636719,10632938.4483151,19219,0,-285.407273099039,276.056676116793,-5.6283143333703494e-18,14.7483223805924,561.463949215832,9084,-363.681353821091,277.853889370367,2.6656075871258e-17,20.9675747975287,641.535243191458,9084,-429.321039103579,417.578093159512,2.24369616250472e-17,30.2920322421329,846.89913226309,9084,0.0,1438.53419733215,67.9263173997581,111.248395288623,1438.53419733215,149689.681844209,0.799461363104138,0.8,0.655123683041505,19219,8280,183.6151237487793,0.0,0.8656457093757162,4.113324674958445
861,med,0.0,363.496856689453,182.965837866939,132.677919607559,363.496856689453,10117278.9706903,5472,0,-86.156303334036,51.7752882103893,2.74956306155938e-18,2.65866198028834,137.931591544425,5382,-112.340921544366,119.458602157693,6.224693265138652e-19,4.16953607912734,231.799523702059,5382,-141.511055361395,116.034678186066,7.61173609413821e-18,5.45533419342463,257.545733547462,5382,0.0,496.117745496857,15.1618172275192,31.0525890194512,496.117745496857,136916.060615678,2.93903948945924,0.7,0.412302215046459,5472,8322,600.4014587402339,0.0,5.667294337141526,15.976866452282952
859,med,99.5659408569336,325.465209960938,239.727470222723,47.9316669998534,225.899269104004,13255970.1934357,0,0,-15.5028854158766,26.4162426629519,6.68842312424507e-20,0.594972718050003,41.9191280788284,0,-32.8785981289345,23.3510435726256,-1.59253272176753e-18,0.892457503895758,56.2296417015601,0,-26.1199745391774,18.7197763944798,9.0075679622367e-19,1.4363377302601,44.8397509336573,0,0.0510559196038926,75.6580941289002,5.99232705197633,5.95045379005799,75.6070382092963,3738.88025848987,0.527309072431595,1.2,0.105896179072091,0,8325,288.08971405029297,0.0,1.6721541172276302,6.1728139876220665
809,high,-25.7888774871826,39.231819152832,-0.0428381823323661,6.7787953070689,65.0206966400146,-2368.78013025051,0,0,-2.09080610382388,1.74469136422502,-3.49479519718997e-20,0.0983077216832337,3.83549746804891,0,-5.00852590050335,4.35082698097561,1.4791069282692302e-19,0.368037876319885,9.35935288147896,0,-8.9486704626951,10.52557298935,7.595454238596551e-20,1.03811566692176,19.4742434520451,0,0.0806776067182221,23.2457563869847,2.87639246643197,2.0362062176328,23.1650787802665,49.3079291784184,0.0444316865631629,0.0,0.500437866285516,0,8304,180.0034922203049,0.0,0.2470017789294047,4.153076112126118
